pontuacao	frequencia	media
-3	0.0052	-0.6572400000000118
-2	0.0498	-0.6572400000000118
-1	0.3038	-0.6572400000000118
0	0.5272	-0.6572400000000118
1	0.1114	-0.6572400000000118
