pontuacao	frequencia	media
-4	0.0008	1.1078399999999968
-3	0.006	1.1078399999999968
-2	0.0322	1.1078399999999968
-1	0.0994	1.1078399999999968
0	0.193	1.1078399999999968
1	0.2012	1.1078399999999968
2	0.1746	1.1078399999999968
3	0.1254	1.1078399999999968
4	0.0828	1.1078399999999968
5	0.0442	1.1078399999999968
6	0.0224	1.1078399999999968
7	0.0094	1.1078399999999968
8	0.0052	1.1078399999999968
9	0.002	1.1078399999999968
10	0.0008	1.1078399999999968
