pontuacao	frequencia	media
1	0.1078	3.1168400000000007
2	0.1506	3.1168400000000007
3	0.1974	3.1168400000000007
4	0.1906	3.1168400000000007
5	0.1428	3.1168400000000007
6	0.079	3.1168400000000007
7	0.0454	3.1168400000000007
8	0.0268	3.1168400000000007
9	0.0096	3.1168400000000007
10	0.0034	3.1168400000000007
11	0.001	3.1168400000000007
12	0.0004	3.1168400000000007
