pontuacao	frequencia	media
-3	0.0024	-0.47745999999999356
-2	0.0254	-0.47745999999999356
-1	0.2324	-0.47745999999999356
0	0.5152	-0.47745999999999356
1	0.196	-0.47745999999999356
2	0.0276	-0.47745999999999356
