pontuacao	frequencia	media
-6	0.0002	-0.3264200000000011
-5	0.0002	-0.3264200000000011
-4	0.004	-0.3264200000000011
-3	0.0272	-0.3264200000000011
-2	0.1076	-0.3264200000000011
-1	0.2376	-0.3264200000000011
0	0.257	-0.3264200000000011
1	0.174	-0.3264200000000011
2	0.1084	-0.3264200000000011
3	0.0546	-0.3264200000000011
4	0.0196	-0.3264200000000011
5	0.0072	-0.3264200000000011
6	0.0018	-0.3264200000000011
7	0.0002	-0.3264200000000011
8	0.0	-0.3264200000000011
9	0.0002	-0.3264200000000011
