pontuacao	frequencia	media
1	0.3452	1.1911399999999566
2	0.3656	1.1911399999999566
3	0.122	1.1911399999999566
4	0.032	1.1911399999999566
