pontuacao	frequencia	media
-2	0.0016	-0.09558000000000219
-1	0.0692	-0.09558000000000219
0	0.539	-0.09558000000000219
1	0.3506	-0.09558000000000219
2	0.0378	-0.09558000000000219
3	0.0016	-0.09558000000000219
