pontuacao	frequencia	media
-4	0.001	0.7272399999999866
-3	0.0078	0.7272399999999866
-2	0.0382	0.7272399999999866
-1	0.1028	0.7272399999999866
0	0.2108	0.7272399999999866
1	0.2478	0.7272399999999866
2	0.202	0.7272399999999866
3	0.1106	0.7272399999999866
4	0.0508	0.7272399999999866
5	0.0208	0.7272399999999866
6	0.0062	0.7272399999999866
7	0.001	0.7272399999999866
8	0.0	0.7272399999999866
