pontuacao	frequencia	media
-4	0.0038	0.33265999999999896
-3	0.0216	0.33265999999999896
-2	0.0784	0.33265999999999896
-1	0.162	0.33265999999999896
0	0.2136	0.33265999999999896
1	0.195	0.33265999999999896
2	0.1494	0.33265999999999896
3	0.0816	0.33265999999999896
4	0.05	0.33265999999999896
5	0.0276	0.33265999999999896
6	0.0092	0.33265999999999896
7	0.0048	0.33265999999999896
8	0.002	0.33265999999999896
