pontuacao	frequencia	media
-5	0.0038	-2.2859999999999947
-4	0.0382	-2.2859999999999947
-3	0.182	-2.2859999999999947
-2	0.405	-2.2859999999999947
-1	0.3036	-2.2859999999999947
