pontuacao	frequencia	media
-2	0.0022	2.1843800000000044
-1	0.0354	2.1843800000000044
0	0.1322	2.1843800000000044
1	0.1572	2.1843800000000044
2	0.1956	2.1843800000000044
3	0.1834	2.1843800000000044
4	0.1294	2.1843800000000044
5	0.0718	2.1843800000000044
6	0.0458	2.1843800000000044
7	0.0234	2.1843800000000044
8	0.015	2.1843800000000044
9	0.006	2.1843800000000044
10	0.0014	2.1843800000000044
11	0.001	2.1843800000000044
12	0.0	2.1843800000000044
13	0.0	2.1843800000000044
