pontuacao	frequencia	media
-10	0.0002	-1.0717199999999947
-9	0.0008	-1.0717199999999947
-8	0.0006	-1.0717199999999947
-7	0.002	-1.0717199999999947
-6	0.0066	-1.0717199999999947
-5	0.0184	-1.0717199999999947
-4	0.0358	-1.0717199999999947
-3	0.0698	-1.0717199999999947
-2	0.1428	-1.0717199999999947
-1	0.1808	-1.0717199999999947
0	0.2726	-1.0717199999999947
1	0.1872	-1.0717199999999947
2	0.0674	-1.0717199999999947
3	0.0132	-1.0717199999999947
4	0.0014	-1.0717199999999947
