pontuacao	frequencia	media
-4	0.0006	0.8533599999999875
-3	0.0056	0.8533599999999875
-2	0.0372	0.8533599999999875
-1	0.1256	0.8533599999999875
0	0.1974	0.8533599999999875
1	0.213	0.8533599999999875
2	0.1744	0.8533599999999875
3	0.115	0.8533599999999875
4	0.0714	0.8533599999999875
5	0.0354	0.8533599999999875
6	0.0132	0.8533599999999875
7	0.0064	0.8533599999999875
8	0.003	0.8533599999999875
