pontuacao	frequencia	media
-11	0.0002	0.04802
-10	0.0002	0.04802
-9	0.0002	0.04802
-8	0.0014	0.04802
-7	0.0054	0.04802
-6	0.0114	0.04802
-5	0.0216	0.04802
-4	0.0416	0.04802
-3	0.065	0.04802
-2	0.0962	0.04802
-1	0.1284	0.04802
0	0.135	0.04802
1	0.1312	0.04802
2	0.1196	0.04802
3	0.0964	0.04802
4	0.0598	0.04802
5	0.0412	0.04802
6	0.0228	0.04802
7	0.0128	0.04802
8	0.0054	0.04802
9	0.0018	0.04802
10	0.0012	0.04802
11	0.0006	0.04802
12	0.0004	0.04802
13	0.0	0.04802
14	0.0	0.04802
