pontuacao	frequencia	media
-5	0.0016	0.9739999999999988
-4	0.0026	0.9739999999999988
-3	0.0106	0.9739999999999988
-2	0.0332	0.9739999999999988
-1	0.0756	0.9739999999999988
0	0.175	0.9739999999999988
1	0.2324	0.9739999999999988
2	0.2102	0.9739999999999988
3	0.1368	0.9739999999999988
4	0.0676	0.9739999999999988
5	0.0348	0.9739999999999988
6	0.0138	0.9739999999999988
7	0.0044	0.9739999999999988
8	0.001	0.9739999999999988
