pontuacao	frequencia	media
-3	0.0002	1.2075599999999527
-2	0.0072	1.2075599999999527
-1	0.097	1.2075599999999527
0	0.2682	1.2075599999999527
1	0.0846	1.2075599999999527
2	0.2906	1.2075599999999527
3	0.1	1.2075599999999527
4	0.077	1.2075599999999527
5	0.0354	1.2075599999999527
6	0.0262	1.2075599999999527
7	0.0106	1.2075599999999527
8	0.0012	1.2075599999999527
9	0.0008	1.2075599999999527
10	0.0006	1.2075599999999527
