pontuacao	frequencia	media
-4	0.0004	0.7875199999999966
-3	0.0046	0.7875199999999966
-2	0.0278	0.7875199999999966
-1	0.113	0.7875199999999966
0	0.2156	0.7875199999999966
1	0.2338	0.7875199999999966
2	0.1822	0.7875199999999966
3	0.1184	0.7875199999999966
4	0.06	0.7875199999999966
5	0.0292	0.7875199999999966
6	0.0096	0.7875199999999966
7	0.003	0.7875199999999966
8	0.002	0.7875199999999966
