pontuacao	frequencia	media
-5	0.0008	0.18737999999999996
-4	0.0062	0.18737999999999996
-3	0.0316	0.18737999999999996
-2	0.1032	0.18737999999999996
-1	0.1668	0.18737999999999996
0	0.2026	0.18737999999999996
1	0.1796	0.18737999999999996
2	0.135	0.18737999999999996
3	0.082	0.18737999999999996
4	0.0458	0.18737999999999996
5	0.0274	0.18737999999999996
6	0.0124	0.18737999999999996
7	0.0046	0.18737999999999996
8	0.0016	0.18737999999999996
9	0.0002	0.18737999999999996
