pontuacao	frequencia	media
-6	0.0014	-0.4208200000000004
-5	0.005	-0.4208200000000004
-4	0.0142	-0.4208200000000004
-3	0.0416	-0.4208200000000004
-2	0.1006	-0.4208200000000004
-1	0.1966	-0.4208200000000004
0	0.258	-0.4208200000000004
1	0.2094	-0.4208200000000004
2	0.105	-0.4208200000000004
3	0.0448	-0.4208200000000004
4	0.0184	-0.4208200000000004
5	0.0042	-0.4208200000000004
