pontuacao	frequencia	media
-7	0.0004	-0.08896000000000076
-6	0.001	-0.08896000000000076
-5	0.0022	-0.08896000000000076
-4	0.0058	-0.08896000000000076
-3	0.0288	-0.08896000000000076
-2	0.0704	-0.08896000000000076
-1	0.1316	-0.08896000000000076
0	0.2714	-0.08896000000000076
1	0.2782	-0.08896000000000076
2	0.1458	-0.08896000000000076
3	0.0516	-0.08896000000000076
4	0.0104	-0.08896000000000076
5	0.0022	-0.08896000000000076
