pontuacao	frequencia	media
-2	0.0062	0.5456400000000001
-1	0.0716	0.5456400000000001
0	0.2906	0.5456400000000001
1	0.3272	0.5456400000000001
2	0.2086	0.5456400000000001
3	0.0726	0.5456400000000001
4	0.0188	0.5456400000000001
5	0.0042	0.5456400000000001
