pontuacao	frequencia	media
-3	0.0002	-0.3019999999999877
-2	0.0042	-0.3019999999999877
-1	0.1188	-0.3019999999999877
0	0.6686	-0.3019999999999877
1	0.201	-0.3019999999999877
