pontuacao	frequencia	media
-1	0.0002	2.57982
0	0.084	2.57982
1	0.1354	2.57982
2	0.1976	2.57982
3	0.1896	2.57982
4	0.175	2.57982
5	0.1102	2.57982
6	0.055	2.57982
7	0.0278	2.57982
8	0.0158	2.57982
9	0.0048	2.57982
10	0.0026	2.57982
11	0.0016	2.57982
12	0.0002	2.57982
