pontuacao	frequencia	media
-4	0.0004	1.579300000000003
-3	0.0072	1.579300000000003
-2	0.0296	1.579300000000003
-1	0.085	1.579300000000003
0	0.139	1.579300000000003
1	0.1808	1.579300000000003
2	0.1756	1.579300000000003
3	0.1404	1.579300000000003
4	0.099	1.579300000000003
5	0.0694	1.579300000000003
6	0.0352	1.579300000000003
7	0.0224	1.579300000000003
8	0.0088	1.579300000000003
9	0.0046	1.579300000000003
10	0.0016	1.579300000000003
11	0.0006	1.579300000000003
12	0.0002	1.579300000000003
