pontuacao	frequencia	media
-3	0.0006	1.302839999999979
-2	0.0064	1.302839999999979
-1	0.073	1.302839999999979
0	0.2036	1.302839999999979
1	0.2078	1.302839999999979
2	0.1972	1.302839999999979
3	0.1398	1.302839999999979
4	0.0848	1.302839999999979
5	0.0468	1.302839999999979
6	0.0254	1.302839999999979
7	0.0098	1.302839999999979
8	0.0032	1.302839999999979
9	0.0008	1.302839999999979
10	0.0006	1.302839999999979
