pontuacao	frequencia	media
-4	0.0004	0.13553999999999994
-3	0.0062	0.13553999999999994
-2	0.039	0.13553999999999994
-1	0.1516	0.13553999999999994
0	0.2802	0.13553999999999994
1	0.2864	0.13553999999999994
2	0.1614	0.13553999999999994
3	0.0584	0.13553999999999994
4	0.0138	0.13553999999999994
