pontuacao	frequencia	media
-4	0.0004	-1.103080000000022
-3	0.0092	-1.103080000000022
-2	0.0964	-1.103080000000022
-1	0.4276	-1.103080000000022
