pontuacao	frequencia	media
-9	0.0002	0.77202
-8	0.0006	0.77202
-7	0.0006	0.77202
-6	0.0016	0.77202
-5	0.0074	0.77202
-4	0.0154	0.77202
-3	0.0312	0.77202
-2	0.069	0.77202
-1	0.1164	0.77202
0	0.1576	0.77202
1	0.1666	0.77202
2	0.147	0.77202
3	0.11	0.77202
4	0.0762	0.77202
5	0.0458	0.77202
6	0.0286	0.77202
7	0.014	0.77202
8	0.006	0.77202
9	0.0042	0.77202
10	0.0012	0.77202
11	0.0002	0.77202
