pontuacao	frequencia	media
-3	0.0006	0.8912599999999886
-2	0.0132	0.8912599999999886
-1	0.1328	0.8912599999999886
0	0.2622	0.8912599999999886
1	0.1568	0.8912599999999886
2	0.197	0.8912599999999886
3	0.106	0.8912599999999886
4	0.0694	0.8912599999999886
5	0.0364	0.8912599999999886
6	0.0146	0.8912599999999886
7	0.0074	0.8912599999999886
8	0.002	0.8912599999999886
9	0.0008	0.8912599999999886
10	0.0004	0.8912599999999886
