pontuacao	frequencia	media
-2	0.0014	3.438759999999989
-1	0.0094	3.438759999999989
0	0.0416	3.438759999999989
1	0.1006	3.438759999999989
2	0.1518	3.438759999999989
3	0.161	3.438759999999989
4	0.17	3.438759999999989
5	0.1246	3.438759999999989
6	0.0986	3.438759999999989
7	0.0636	3.438759999999989
8	0.039	3.438759999999989
9	0.0226	3.438759999999989
10	0.007	3.438759999999989
11	0.0048	3.438759999999989
12	0.003	3.438759999999989
13	0.0006	3.438759999999989
