pontuacao	frequencia	media
-3	0.0022	1.1809000000000025
-2	0.0222	1.1809000000000025
-1	0.0844	1.1809000000000025
0	0.1862	1.1809000000000025
1	0.216	1.1809000000000025
2	0.1924	1.1809000000000025
3	0.1328	1.1809000000000025
4	0.0844	1.1809000000000025
5	0.0462	1.1809000000000025
6	0.0212	1.1809000000000025
7	0.0068	1.1809000000000025
8	0.0034	1.1809000000000025
9	0.0014	1.1809000000000025
