pontuacao	frequencia	media
-3	0.0018	0.39508000000001076
-2	0.0162	0.39508000000001076
-1	0.1218	0.39508000000001076
0	0.275	0.39508000000001076
1	0.2988	0.39508000000001076
2	0.1864	0.39508000000001076
3	0.0702	0.39508000000001076
4	0.0238	0.39508000000001076
5	0.0048	0.39508000000001076
6	0.0006	0.39508000000001076
7	0.0004	0.39508000000001076
8	0.0	0.39508000000001076
