pontuacao	frequencia	media
-2	0.0074	-0.6108000000000031
-1	0.148	-0.6108000000000031
