pontuacao	frequencia	media
-3	0.003	0.42751999999999646
-2	0.0298	0.42751999999999646
-1	0.1438	0.42751999999999646
0	0.271	0.42751999999999646
1	0.2384	0.42751999999999646
2	0.1754	0.42751999999999646
3	0.0802	0.42751999999999646
4	0.0366	0.42751999999999646
5	0.015	0.42751999999999646
6	0.0044	0.42751999999999646
7	0.0016	0.42751999999999646
8	0.0004	0.42751999999999646
9	0.0002	0.42751999999999646
