pontuacao	frequencia	media
-2	0.0052	-0.04862000000000139
-1	0.1088	-0.04862000000000139
0	0.5446	-0.04862000000000139
1	0.2648	-0.04862000000000139
2	0.0658	-0.04862000000000139
3	0.0098	-0.04862000000000139
