pontuacao	frequencia	media
-1	0.0002	4.257319999999989
0	0.0096	4.257319999999989
1	0.0454	4.257319999999989
2	0.102	4.257319999999989
3	0.1536	4.257319999999989
4	0.1884	4.257319999999989
5	0.1666	4.257319999999989
6	0.137	4.257319999999989
7	0.0864	4.257319999999989
8	0.0502	4.257319999999989
9	0.0298	4.257319999999989
10	0.0156	4.257319999999989
11	0.009	4.257319999999989
12	0.0032	4.257319999999989
13	0.002	4.257319999999989
14	0.0004	4.257319999999989
