pontuacao	frequencia	media
-6	0.0002	0.591659999999998
-5	0.0018	0.591659999999998
-4	0.0054	0.591659999999998
-3	0.0266	0.591659999999998
-2	0.0786	0.591659999999998
-1	0.1444	0.591659999999998
0	0.1786	0.591659999999998
1	0.1862	0.591659999999998
2	0.1398	0.591659999999998
3	0.0976	0.591659999999998
4	0.0634	0.591659999999998
5	0.0378	0.591659999999998
6	0.0216	0.591659999999998
7	0.0104	0.591659999999998
8	0.005	0.591659999999998
9	0.0016	0.591659999999998
10	0.0004	0.591659999999998
