pontuacao	frequencia	media
-3	0.0016	-0.21545999999999418
-2	0.035	-0.21545999999999418
-1	0.2436	-0.21545999999999418
0	0.4668	-0.21545999999999418
1	0.0908	-0.21545999999999418
2	0.1232	-0.21545999999999418
3	0.0238	-0.21545999999999418
4	0.0116	-0.21545999999999418
5	0.0024	-0.21545999999999418
6	0.0008	-0.21545999999999418
