pontuacao	frequencia	media
-2	0.0034	1.829679999999993
-1	0.0314	1.829679999999993
0	0.1332	1.829679999999993
1	0.2074	1.829679999999993
2	0.2168	1.829679999999993
3	0.1742	1.829679999999993
4	0.1092	1.829679999999993
5	0.0636	1.829679999999993
6	0.035	1.829679999999993
7	0.013	1.829679999999993
8	0.0094	1.829679999999993
9	0.002	1.829679999999993
10	0.0012	1.829679999999993
