pontuacao	frequencia	media
-1	0.0102	0.1969000000000048
0	0.4598	0.1969000000000048
1	0.4646	0.1969000000000048
2	0.062	0.1969000000000048
