pontuacao	frequencia	media
-3	0.0018	1.366779999999969
-2	0.014	1.366779999999969
-1	0.0628	1.366779999999969
0	0.153	1.366779999999969
1	0.2226	1.366779999999969
2	0.216	1.366779999999969
3	0.1592	1.366779999999969
4	0.099	1.366779999999969
5	0.0444	1.366779999999969
6	0.0188	1.366779999999969
7	0.0054	1.366779999999969
8	0.0022	1.366779999999969
9	0.0006	1.366779999999969
10	0.0	1.366779999999969
11	0.0	1.366779999999969
