pontuacao	frequencia	media
-2	0.0032	2.1638600000000037
-1	0.023	2.1638600000000037
0	0.1196	2.1638600000000037
1	0.1696	2.1638600000000037
2	0.2034	2.1638600000000037
3	0.1752	2.1638600000000037
4	0.1396	2.1638600000000037
5	0.0826	2.1638600000000037
6	0.0438	2.1638600000000037
7	0.0228	2.1638600000000037
8	0.0104	2.1638600000000037
9	0.004	2.1638600000000037
10	0.0022	2.1638600000000037
11	0.0004	2.1638600000000037
12	0.0	2.1638600000000037
