pontuacao	frequencia	media
-14	0.0006	-3.865839999999988
-13	0.001	-3.865839999999988
-12	0.001	-3.865839999999988
-11	0.004	-3.865839999999988
-10	0.0056	-3.865839999999988
-9	0.012	-3.865839999999988
-8	0.0228	-3.865839999999988
-7	0.0414	-3.865839999999988
-6	0.0734	-3.865839999999988
-5	0.1106	-3.865839999999988
-4	0.1546	-3.865839999999988
-3	0.1922	-3.865839999999988
-2	0.173	-3.865839999999988
-1	0.1566	-3.865839999999988
