pontuacao	frequencia	media
-12	0.0002	-2.6130999999999847
-11	0.0004	-2.6130999999999847
-10	0.0022	-2.6130999999999847
-9	0.0062	-2.6130999999999847
-8	0.008	-2.6130999999999847
-7	0.0188	-2.6130999999999847
-6	0.0378	-2.6130999999999847
-5	0.0692	-2.6130999999999847
-4	0.1064	-2.6130999999999847
-3	0.1388	-2.6130999999999847
-2	0.1914	-2.6130999999999847
-1	0.164	-2.6130999999999847
0	0.182	-2.6130999999999847
1	0.068	-2.6130999999999847
2	0.0062	-2.6130999999999847
