pontuacao	frequencia	media
-4	0.0008	-0.005739999999999949
-3	0.009	-0.005739999999999949
-2	0.0546	-0.005739999999999949
-1	0.1798	-0.005739999999999949
0	0.2792	-0.005739999999999949
1	0.265	-0.005739999999999949
2	0.1548	-0.005739999999999949
3	0.0442	-0.005739999999999949
4	0.0108	-0.005739999999999949
5	0.0016	-0.005739999999999949
