pontuacao	frequencia	media
-5	0.0004	0.29373999999999945
-4	0.005	0.29373999999999945
-3	0.0214	0.29373999999999945
-2	0.0872	0.29373999999999945
-1	0.175	0.29373999999999945
0	0.193	0.29373999999999945
1	0.189	0.29373999999999945
2	0.1516	0.29373999999999945
3	0.0892	0.29373999999999945
4	0.0472	0.29373999999999945
5	0.0228	0.29373999999999945
6	0.0116	0.29373999999999945
7	0.0042	0.29373999999999945
8	0.0016	0.29373999999999945
9	0.0006	0.29373999999999945
10	0.0	0.29373999999999945
