pontuacao	frequencia	media
-3	0.0056	-0.3083400000000007
-2	0.0488	-0.3083400000000007
-1	0.2298	-0.3083400000000007
0	0.3564	-0.3083400000000007
1	0.2508	-0.3083400000000007
2	0.0882	-0.3083400000000007
3	0.0172	-0.3083400000000007
4	0.0028	-0.3083400000000007
