pontuacao	frequencia	media
-4	0.0002	0.6731399999999995
-3	0.004	0.6731399999999995
-2	0.0342	0.6731399999999995
-1	0.1378	0.6731399999999995
0	0.2406	0.6731399999999995
1	0.2098	0.6731399999999995
2	0.1694	0.6731399999999995
3	0.0964	0.6731399999999995
4	0.0578	0.6731399999999995
5	0.031	0.6731399999999995
6	0.0118	0.6731399999999995
7	0.0052	0.6731399999999995
8	0.0008	0.6731399999999995
9	0.0004	0.6731399999999995
10	0.0002	0.6731399999999995
