pontuacao	frequencia	media
-3	0.0012	0.08991999999999707
-2	0.0272	0.08991999999999707
-1	0.1938	0.08991999999999707
0	0.376	0.08991999999999707
1	0.1604	0.08991999999999707
2	0.1564	0.08991999999999707
3	0.0498	0.08991999999999707
4	0.0256	0.08991999999999707
5	0.006	0.08991999999999707
6	0.002	0.08991999999999707
7	0.0012	0.08991999999999707
8	0.0002	0.08991999999999707
