pontuacao	frequencia	media
-3	0.0004	2.6391600000000084
-2	0.0058	2.6391600000000084
-1	0.038	2.6391600000000084
0	0.0924	2.6391600000000084
1	0.137	2.6391600000000084
2	0.1606	2.6391600000000084
3	0.1664	2.6391600000000084
4	0.1336	2.6391600000000084
5	0.1098	2.6391600000000084
6	0.0694	2.6391600000000084
7	0.0424	2.6391600000000084
8	0.0202	2.6391600000000084
9	0.0126	2.6391600000000084
10	0.0076	2.6391600000000084
11	0.0022	2.6391600000000084
12	0.0012	2.6391600000000084
