pontuacao	frequencia	media
-2	0.0014	1.4832399999999413
-1	0.0284	1.4832399999999413
0	0.1586	1.4832399999999413
1	0.2658	1.4832399999999413
2	0.2324	1.4832399999999413
3	0.164	1.4832399999999413
4	0.085	1.4832399999999413
5	0.0406	1.4832399999999413
6	0.014	1.4832399999999413
7	0.0064	1.4832399999999413
8	0.0026	1.4832399999999413
9	0.0004	1.4832399999999413
10	0.0002	1.4832399999999413
