pontuacao	frequencia	media
-3	0.0006	-0.0839000000000019
-2	0.0172	-0.0839000000000019
-1	0.1818	-0.0839000000000019
0	0.463	-0.0839000000000019
1	0.1598	-0.0839000000000019
2	0.126	-0.0839000000000019
3	0.0326	-0.0839000000000019
4	0.016	-0.0839000000000019
5	0.0024	-0.0839000000000019
6	0.0002	-0.0839000000000019
