pontuacao	frequencia	media
1	0.3678	0.7153999999999848
2	0.1852	0.7153999999999848
3	0.0838	0.7153999999999848
4	0.0026	0.7153999999999848
