pontuacao	frequencia	media
-5	0.0006	-0.7463600000000064
-4	0.0032	-0.7463600000000064
-3	0.023	-0.7463600000000064
-2	0.1294	-0.7463600000000064
-1	0.3306	-0.7463600000000064
0	0.2748	-0.7463600000000064
1	0.1378	-0.7463600000000064
2	0.0686	-0.7463600000000064
3	0.0234	-0.7463600000000064
4	0.007	-0.7463600000000064
5	0.0012	-0.7463600000000064
6	0.0	-0.7463600000000064
7	0.0002	-0.7463600000000064
