pontuacao	frequencia	media
-2	0.0018	1.409239999999962
-1	0.0238	1.409239999999962
0	0.1322	1.409239999999962
1	0.255	1.409239999999962
2	0.2886	1.409239999999962
3	0.18	1.409239999999962
4	0.082	1.409239999999962
5	0.0272	1.409239999999962
6	0.0064	1.409239999999962
