pontuacao	frequencia	media
-4	0.0012	1.0732600000000068
-3	0.0104	1.0732600000000068
-2	0.04	1.0732600000000068
-1	0.1072	1.0732600000000068
0	0.1842	1.0732600000000068
1	0.183	1.0732600000000068
2	0.1778	1.0732600000000068
3	0.1276	1.0732600000000068
4	0.0824	1.0732600000000068
5	0.046	1.0732600000000068
6	0.022	1.0732600000000068
7	0.011	1.0732600000000068
8	0.0038	1.0732600000000068
9	0.002	1.0732600000000068
10	0.0012	1.0732600000000068
11	0.0	1.0732600000000068
