pontuacao	frequencia	media
-3	0.0022	1.259499999999947
-2	0.0168	1.259499999999947
-1	0.0914	1.259499999999947
0	0.2018	1.259499999999947
1	0.186	1.259499999999947
2	0.1916	1.259499999999947
3	0.1416	1.259499999999947
4	0.0846	1.259499999999947
5	0.0416	1.259499999999947
6	0.0234	1.259499999999947
7	0.0134	1.259499999999947
8	0.0042	1.259499999999947
9	0.0008	1.259499999999947
10	0.0002	1.259499999999947
