pontuacao	frequencia	media
-1	0.004	0.6958399999999849
0	0.2132	0.6958399999999849
1	0.5076	0.6958399999999849
2	0.234	0.6958399999999849
3	0.0376	0.6958399999999849
