pontuacao	frequencia	media
-2	0.0052	-0.31861999999998697
-1	0.1226	-0.31861999999998697
0	0.6716	-0.31861999999998697
1	0.1944	-0.31861999999998697
