pontuacao	frequencia	media
-3	0.001	-0.7916000000000004
-2	0.0456	-0.7916000000000004
-1	0.3034	-0.7916000000000004
0	0.5806	-0.7916000000000004
1	0.0688	-0.7916000000000004
