pontuacao	frequencia	media
-2	0.0002	-0.3002399999999878
-1	0.0198	-0.3002399999999878
