pontuacao	frequencia	media
-9	0.0002	-0.3928199999999903
-8	0.0	-0.3928199999999903
-7	0.0	-0.3928199999999903
-6	0.0002	-0.3928199999999903
-5	0.0018	-0.3928199999999903
-4	0.011	-0.3928199999999903
-3	0.0328	-0.3928199999999903
-2	0.0884	-0.3928199999999903
-1	0.136	-0.3928199999999903
0	0.3352	-0.3928199999999903
1	0.2866	-0.3928199999999903
2	0.0912	-0.3928199999999903
3	0.0156	-0.3928199999999903
