pontuacao	frequencia	media
-4	0.0024	-0.24266000000000176
-3	0.019	-0.24266000000000176
-2	0.0952	-0.24266000000000176
-1	0.2386	-0.24266000000000176
0	0.267	-0.24266000000000176
1	0.1894	-0.24266000000000176
2	0.1002	-0.24266000000000176
3	0.0538	-0.24266000000000176
4	0.0212	-0.24266000000000176
5	0.0092	-0.24266000000000176
6	0.003	-0.24266000000000176
7	0.0008	-0.24266000000000176
