pontuacao	frequencia	media
-10	0.0004	-0.6644200000000045
-9	0.0004	-0.6644200000000045
-8	0.0008	-0.6644200000000045
-7	0.0018	-0.6644200000000045
-6	0.0052	-0.6644200000000045
-5	0.013	-0.6644200000000045
-4	0.033	-0.6644200000000045
-3	0.0554	-0.6644200000000045
-2	0.1136	-0.6644200000000045
-1	0.1574	-0.6644200000000045
0	0.231	-0.6644200000000045
1	0.2314	-0.6644200000000045
2	0.1158	-0.6644200000000045
3	0.0338	-0.6644200000000045
4	0.0066	-0.6644200000000045
