pontuacao	frequencia	media
-4	0.0004	0.11005999999999985
-3	0.0074	0.11005999999999985
-2	0.0522	0.11005999999999985
-1	0.1938	0.11005999999999985
0	0.2748	0.11005999999999985
1	0.2192	0.11005999999999985
2	0.1398	0.11005999999999985
3	0.0696	0.11005999999999985
4	0.0302	0.11005999999999985
5	0.0082	0.11005999999999985
6	0.0028	0.11005999999999985
7	0.0014	0.11005999999999985
