pontuacao	frequencia	media
-2	0.0002	1.4030799999999708
-1	0.0094	1.4030799999999708
0	0.3576	1.4030799999999708
1	0.028	1.4030799999999708
2	0.3368	1.4030799999999708
3	0.0546	1.4030799999999708
4	0.1372	1.4030799999999708
5	0.035	1.4030799999999708
6	0.0218	1.4030799999999708
7	0.0146	1.4030799999999708
8	0.0006	1.4030799999999708
9	0.0028	1.4030799999999708
10	0.0008	1.4030799999999708
11	0.0004	1.4030799999999708
