pontuacao	frequencia	media
-5	0.0016	0.34232000000000173
-4	0.0056	0.34232000000000173
-3	0.0144	0.34232000000000173
-2	0.0488	0.34232000000000173
-1	0.1034	0.34232000000000173
0	0.2564	0.34232000000000173
1	0.2562	0.34232000000000173
2	0.1766	0.34232000000000173
3	0.0892	0.34232000000000173
4	0.034	0.34232000000000173
5	0.01	0.34232000000000173
6	0.0028	0.34232000000000173
7	0.0008	0.34232000000000173
8	0.0	0.34232000000000173
