pontuacao	frequencia	media
-1	0.0076	0.2068600000000051
0	0.4578	0.2068600000000051
1	0.4686	0.2068600000000051
2	0.0642	0.2068600000000051
