pontuacao	frequencia	media
-5	0.0002	2.20062
-4	0.0004	2.20062
-3	0.007	2.20062
-2	0.028	2.20062
-1	0.0628	2.20062
0	0.1126	2.20062
1	0.1428	2.20062
2	0.16	2.20062
3	0.1414	2.20062
4	0.1218	2.20062
5	0.0894	2.20062
6	0.0582	2.20062
7	0.0332	2.20062
8	0.0188	2.20062
9	0.0106	2.20062
10	0.0062	2.20062
11	0.0028	2.20062
12	0.0018	2.20062
13	0.0008	2.20062
14	0.0008	2.20062
15	0.0002	2.20062
