pontuacao	frequencia	media
-2	0.0028	1.843959999999994
-1	0.0352	1.843959999999994
0	0.1442	1.843959999999994
1	0.1982	1.843959999999994
2	0.2072	1.843959999999994
3	0.16	1.843959999999994
4	0.1188	1.843959999999994
5	0.0674	1.843959999999994
6	0.035	1.843959999999994
7	0.0188	1.843959999999994
8	0.006	1.843959999999994
9	0.0038	1.843959999999994
10	0.0018	1.843959999999994
11	0.0006	1.843959999999994
