pontuacao	frequencia	media
-4	0.0002	0.12402000000000016
-3	0.0044	0.12402000000000016
-2	0.0434	0.12402000000000016
-1	0.1518	0.12402000000000016
0	0.2798	0.12402000000000016
1	0.2942	0.12402000000000016
2	0.1578	0.12402000000000016
3	0.0502	0.12402000000000016
4	0.015	0.12402000000000016
5	0.0028	0.12402000000000016
