pontuacao	frequencia	media
-2	0.002	1.0308799999999656
-1	0.033	1.0308799999999656
0	0.2146	1.0308799999999656
1	0.3254	1.0308799999999656
2	0.2194	1.0308799999999656
3	0.1258	1.0308799999999656
4	0.0552	1.0308799999999656
5	0.0164	1.0308799999999656
6	0.007	1.0308799999999656
7	0.0004	1.0308799999999656
