pontuacao	frequencia	media
-3	0.0024	1.2677999999999943
-2	0.0184	1.2677999999999943
-1	0.0978	1.2677999999999943
0	0.1836	1.2677999999999943
1	0.2024	1.2677999999999943
2	0.1848	1.2677999999999943
3	0.1292	1.2677999999999943
4	0.0882	1.2677999999999943
5	0.0484	1.2677999999999943
6	0.0222	1.2677999999999943
7	0.0126	1.2677999999999943
8	0.0062	1.2677999999999943
9	0.0022	1.2677999999999943
10	0.0014	1.2677999999999943
11	0.0	1.2677999999999943
