pontuacao	frequencia	media
-7	0.0	0.2135000000000051
-6	0.0016	0.2135000000000051
-5	0.0022	0.2135000000000051
-4	0.0108	0.2135000000000051
-3	0.0202	0.2135000000000051
-2	0.0542	0.2135000000000051
-1	0.1186	0.2135000000000051
0	0.2056	0.2135000000000051
1	0.306	0.2135000000000051
2	0.198	0.2135000000000051
3	0.0636	0.2135000000000051
4	0.0168	0.2135000000000051
5	0.002	0.2135000000000051
