pontuacao	frequencia	media
-7	0.0006	-0.8322399999999998
-6	0.0024	-0.8322399999999998
-5	0.0108	-0.8322399999999998
-4	0.027	-0.8322399999999998
-3	0.0658	-0.8322399999999998
-2	0.139	-0.8322399999999998
-1	0.2228	-0.8322399999999998
0	0.2386	-0.8322399999999998
1	0.1534	-0.8322399999999998
2	0.0884	-0.8322399999999998
3	0.0358	-0.8322399999999998
4	0.0106	-0.8322399999999998
5	0.003	-0.8322399999999998
6	0.0016	-0.8322399999999998
