pontuacao	frequencia	media
-2	0.008	1.2448799999999516
-1	0.0826	1.2448799999999516
0	0.2776	1.2448799999999516
1	0.0884	1.2448799999999516
2	0.285	1.2448799999999516
3	0.1	1.2448799999999516
4	0.0762	1.2448799999999516
5	0.0378	1.2448799999999516
6	0.0294	1.2448799999999516
7	0.0122	1.2448799999999516
8	0.0012	1.2448799999999516
9	0.0008	1.2448799999999516
10	0.0	1.2448799999999516
11	0.0	1.2448799999999516
