pontuacao	frequencia	media
-3	0.001	0.8585199999999995
-2	0.0142	0.8585199999999995
-1	0.0986	0.8585199999999995
0	0.2308	0.8585199999999995
1	0.2416	0.8585199999999995
2	0.1932	0.8585199999999995
3	0.1228	0.8585199999999995
4	0.0558	0.8585199999999995
5	0.0254	0.8585199999999995
6	0.0118	0.8585199999999995
7	0.0034	0.8585199999999995
8	0.0012	0.8585199999999995
