pontuacao	frequencia	media
-1	0.017	1.1818999999999713
0	0.2626	1.1818999999999713
1	0.238	1.1818999999999713
2	0.2292	1.1818999999999713
3	0.1306	1.1818999999999713
4	0.075	1.1818999999999713
5	0.0314	1.1818999999999713
6	0.0112	1.1818999999999713
7	0.004	1.1818999999999713
