pontuacao	frequencia	media
1	0.1848	2.230280000000014
2	0.1662	2.230280000000014
3	0.2136	2.230280000000014
4	0.1644	2.230280000000014
5	0.0476	2.230280000000014
6	0.0476	2.230280000000014
7	0.0228	2.230280000000014
8	0.0096	2.230280000000014
9	0.0042	2.230280000000014
10	0.0006	2.230280000000014
