pontuacao	frequencia	media
-4	0.0002	-0.5576000000000013
-3	0.004	-0.5576000000000013
-2	0.0492	-0.5576000000000013
-1	0.26	-0.5576000000000013
0	0.449	-0.5576000000000013
1	0.1992	-0.5576000000000013
2	0.0354	-0.5576000000000013
3	0.0022	-0.5576000000000013
