pontuacao	frequencia	media
-4	0.0002	0.7201399999999932
-3	0.004	0.7201399999999932
-2	0.0386	0.7201399999999932
-1	0.1382	0.7201399999999932
0	0.227	0.7201399999999932
1	0.2032	0.7201399999999932
2	0.166	0.7201399999999932
3	0.1086	0.7201399999999932
4	0.0618	0.7201399999999932
5	0.0324	0.7201399999999932
6	0.0136	0.7201399999999932
7	0.0036	0.7201399999999932
8	0.002	0.7201399999999932
9	0.0006	0.7201399999999932
