pontuacao	frequencia	media
-4	0.0024	0.9734200000000063
-3	0.0168	0.9734200000000063
-2	0.0576	0.9734200000000063
-1	0.12	0.9734200000000063
0	0.1642	0.9734200000000063
1	0.1846	0.9734200000000063
2	0.1624	0.9734200000000063
3	0.1246	0.9734200000000063
4	0.0788	0.9734200000000063
5	0.0438	0.9734200000000063
6	0.0228	0.9734200000000063
7	0.0136	0.9734200000000063
8	0.0054	0.9734200000000063
9	0.0018	0.9734200000000063
10	0.0008	0.9734200000000063
