pontuacao	frequencia	media
-2	0.0002	-0.290099999999989
-1	0.0148	-0.290099999999989
