pontuacao	frequencia	media
-5	0.0018	-1.287599999999996
-4	0.0134	-1.287599999999996
-3	0.081	-1.287599999999996
-2	0.2296	-1.287599999999996
-1	0.2932	-1.287599999999996
0	0.2212	-1.287599999999996
1	0.1038	-1.287599999999996
2	0.0424	-1.287599999999996
3	0.011	-1.287599999999996
4	0.0024	-1.287599999999996
