pontuacao	frequencia	media
-2	0.002	0.4516800000000107
-1	0.0644	0.4516800000000107
0	0.5398	0.4516800000000107
1	0.0672	0.4516800000000107
2	0.2426	0.4516800000000107
3	0.0284	0.4516800000000107
4	0.0434	0.4516800000000107
5	0.0064	0.4516800000000107
6	0.0046	0.4516800000000107
