pontuacao	frequencia	media
-2	0.0036	1.6985399999999453
-1	0.0432	1.6985399999999453
0	0.2022	1.6985399999999453
1	0.1546	1.6985399999999453
2	0.2092	1.6985399999999453
3	0.1656	1.6985399999999453
4	0.1198	1.6985399999999453
5	0.046	1.6985399999999453
6	0.0324	1.6985399999999453
7	0.0146	1.6985399999999453
8	0.0056	1.6985399999999453
9	0.0022	1.6985399999999453
10	0.0004	1.6985399999999453
