pontuacao	frequencia	media
-3	0.003	0.5240399999999976
-2	0.0188	0.5240399999999976
-1	0.1224	0.5240399999999976
0	0.2536	0.5240399999999976
1	0.273	0.5240399999999976
2	0.1902	0.5240399999999976
3	0.0882	0.5240399999999976
4	0.0346	0.5240399999999976
5	0.0114	0.5240399999999976
6	0.004	0.5240399999999976
7	0.0006	0.5240399999999976
