pontuacao	frequencia	media
1	0.362	1.107399999999965
2	0.2678	1.107399999999965
3	0.1166	1.107399999999965
4	0.0268	1.107399999999965
5	0.0052	1.107399999999965
6	0.0002	1.107399999999965
