pontuacao	frequencia	media
-3	0.0004	-0.31425999999998705
-2	0.0202	-0.31425999999998705
-1	0.1746	-0.31425999999998705
0	0.5208	-0.31425999999998705
1	0.259	-0.31425999999998705
2	0.0236	-0.31425999999998705
