pontuacao	frequencia	media
-4	0.0002	-0.8017200000000202
-3	0.0012	-0.8017200000000202
-2	0.0398	-0.8017200000000202
-1	0.329	-0.8017200000000202
