pontuacao	frequencia	media
-1	0.0108	0.19862000000000454
0	0.602	0.19862000000000454
1	0.2938	0.19862000000000454
2	0.0814	0.19862000000000454
3	0.01	0.19862000000000454
