pontuacao	frequencia	media
-3	0.001	1.1657600000000057
-2	0.012	1.1657600000000057
-1	0.0774	1.1657600000000057
0	0.1898	1.1657600000000057
1	0.24	1.1657600000000057
2	0.2008	1.1657600000000057
3	0.1366	1.1657600000000057
4	0.0774	1.1657600000000057
5	0.0398	1.1657600000000057
6	0.016	1.1657600000000057
7	0.0056	1.1657600000000057
8	0.003	1.1657600000000057
