pontuacao	frequencia	media
-1	0.003	1.9214199999999837
0	0.169	1.9214199999999837
1	0.1816	1.9214199999999837
2	0.227	1.9214199999999837
3	0.1574	1.9214199999999837
4	0.1426	1.9214199999999837
5	0.0598	1.9214199999999837
6	0.0338	1.9214199999999837
7	0.015	1.9214199999999837
8	0.0074	1.9214199999999837
9	0.0022	1.9214199999999837
10	0.0008	1.9214199999999837
11	0.0002	1.9214199999999837
