pontuacao	frequencia	media
-2	0.002	1.4286799999999682
-1	0.0218	1.4286799999999682
0	0.1256	1.4286799999999682
1	0.2542	1.4286799999999682
2	0.2952	1.4286799999999682
3	0.181	1.4286799999999682
4	0.0884	1.4286799999999682
5	0.0254	1.4286799999999682
6	0.005	1.4286799999999682
7	0.0012	1.4286799999999682
