pontuacao	frequencia	media
-6	0.0004	-1.4763599999999957
-5	0.002	-1.4763599999999957
-4	0.0166	-1.4763599999999957
-3	0.0816	-1.4763599999999957
-2	0.233	-1.4763599999999957
-1	0.3414	-1.4763599999999957
0	0.231	-1.4763599999999957
1	0.0776	-1.4763599999999957
2	0.0144	-1.4763599999999957
