pontuacao	frequencia	media
-2	0.0024	2.1930400000000065
-1	0.0226	2.1930400000000065
0	0.1258	2.1930400000000065
1	0.1772	2.1930400000000065
2	0.1766	2.1930400000000065
3	0.2002	2.1930400000000065
4	0.1374	2.1930400000000065
5	0.076	2.1930400000000065
6	0.0402	2.1930400000000065
7	0.022	2.1930400000000065
8	0.0122	2.1930400000000065
9	0.004	2.1930400000000065
10	0.0026	2.1930400000000065
11	0.0002	2.1930400000000065
12	0.0002	2.1930400000000065
