pontuacao	frequencia	media
-2	0.0002	1.4577999999999653
-1	0.0068	1.4577999999999653
0	0.3532	1.4577999999999653
1	0.0302	1.4577999999999653
2	0.3314	1.4577999999999653
3	0.0518	1.4577999999999653
4	0.1404	1.4577999999999653
5	0.0404	1.4577999999999653
6	0.0242	1.4577999999999653
7	0.0168	1.4577999999999653
8	0.001	1.4577999999999653
9	0.0032	1.4577999999999653
10	0.0002	1.4577999999999653
