pontuacao	frequencia	media
-3	0.003	0.19952000000000417
-2	0.046	0.19952000000000417
-1	0.2	0.19952000000000417
0	0.3062	0.19952000000000417
1	0.1808	0.19952000000000417
2	0.144	0.19952000000000417
3	0.07	0.19952000000000417
4	0.0348	0.19952000000000417
5	0.0108	0.19952000000000417
6	0.003	0.19952000000000417
7	0.0006	0.19952000000000417
8	0.0006	0.19952000000000417
