pontuacao	frequencia	media
-3	0.0036	-0.680480000000002
-2	0.0436	-0.680480000000002
-1	0.3132	-0.680480000000002
0	0.4622	-0.680480000000002
1	0.1606	-0.680480000000002
2	0.0164	-0.680480000000002
