pontuacao	frequencia	media
-3	0.0022	0.08231999999999766
-2	0.0178	0.08231999999999766
-1	0.1328	0.08231999999999766
0	0.3808	0.08231999999999766
1	0.342	0.08231999999999766
2	0.106	0.08231999999999766
3	0.0174	0.08231999999999766
