pontuacao	frequencia	media
-4	0.0002	1.406479999999967
-3	0.0012	1.406479999999967
-2	0.0144	1.406479999999967
-1	0.0648	1.406479999999967
0	0.167	1.406479999999967
1	0.209	1.406479999999967
2	0.2054	1.406479999999967
3	0.1604	1.406479999999967
4	0.093	1.406479999999967
5	0.0484	1.406479999999967
6	0.0246	1.406479999999967
7	0.0072	1.406479999999967
8	0.0024	1.406479999999967
9	0.0012	1.406479999999967
10	0.0006	1.406479999999967
