pontuacao	frequencia	media
-3	0.0002	2.677079999999986
-2	0.0036	2.677079999999986
-1	0.0304	2.677079999999986
0	0.089	2.677079999999986
1	0.136	2.677079999999986
2	0.1768	2.677079999999986
3	0.1652	2.677079999999986
4	0.138	2.677079999999986
5	0.103	2.677079999999986
6	0.0762	2.677079999999986
7	0.0346	2.677079999999986
8	0.0238	2.677079999999986
9	0.012	2.677079999999986
10	0.0062	2.677079999999986
11	0.0026	2.677079999999986
12	0.0014	2.677079999999986
13	0.0006	2.677079999999986
