pontuacao	frequencia	media
0	0.0132	4.616559999999994
1	0.0564	4.616559999999994
2	0.0948	4.616559999999994
3	0.1288	4.616559999999994
4	0.149	4.616559999999994
5	0.1552	4.616559999999994
6	0.123	4.616559999999994
7	0.1096	4.616559999999994
8	0.0708	4.616559999999994
9	0.045	4.616559999999994
10	0.0256	4.616559999999994
11	0.0154	4.616559999999994
12	0.0074	4.616559999999994
13	0.0034	4.616559999999994
14	0.0014	4.616559999999994
15	0.0002	4.616559999999994
16	0.0004	4.616559999999994
