pontuacao	frequencia	media
-10	0.0006	-1.8723200000000146
-9	0.0006	-1.8723200000000146
-8	0.0018	-1.8723200000000146
-7	0.0068	-1.8723200000000146
-6	0.0146	-1.8723200000000146
-5	0.0352	-1.8723200000000146
-4	0.06	-1.8723200000000146
-3	0.1252	-1.8723200000000146
-2	0.1876	-1.8723200000000146
-1	0.2516	-1.8723200000000146
0	0.2654	-1.8723200000000146
1	0.049	-1.8723200000000146
