pontuacao	frequencia	media
-6	0.0016	-1.0385000000000166
-5	0.0062	-1.0385000000000166
-4	0.0342	-1.0385000000000166
-3	0.0936	-1.0385000000000166
-2	0.1814	-1.0385000000000166
-1	0.2174	-1.0385000000000166
0	0.2084	-1.0385000000000166
1	0.1322	-1.0385000000000166
2	0.0714	-1.0385000000000166
3	0.0376	-1.0385000000000166
4	0.0096	-1.0385000000000166
5	0.0042	-1.0385000000000166
6	0.002	-1.0385000000000166
