pontuacao	frequencia	media
-2	0.0004	1.166419999999963
-1	0.0266	1.166419999999963
0	0.2852	1.166419999999963
1	0.2002	1.166419999999963
2	0.2386	1.166419999999963
3	0.1168	1.166419999999963
4	0.0882	1.166419999999963
5	0.0254	1.166419999999963
6	0.0138	1.166419999999963
7	0.003	1.166419999999963
8	0.0016	1.166419999999963
