pontuacao	frequencia	media
-3	0.0022	1.3768399999999688
-2	0.0148	1.3768399999999688
-1	0.065	1.3768399999999688
0	0.1484	1.3768399999999688
1	0.2182	1.3768399999999688
2	0.2262	1.3768399999999688
3	0.153	1.3768399999999688
4	0.1006	1.3768399999999688
5	0.045	1.3768399999999688
6	0.0168	1.3768399999999688
7	0.007	1.3768399999999688
8	0.0022	1.3768399999999688
9	0.0002	1.3768399999999688
10	0.0	1.3768399999999688
