pontuacao	frequencia	media
-4	0.0002	0.3435999999999996
-3	0.0034	0.3435999999999996
-2	0.0294	0.3435999999999996
-1	0.1512	0.3435999999999996
0	0.2704	0.3435999999999996
1	0.254	0.3435999999999996
2	0.1612	0.3435999999999996
3	0.082	0.3435999999999996
4	0.034	0.3435999999999996
5	0.0102	0.3435999999999996
6	0.003	0.3435999999999996
