pontuacao	frequencia	media
-2	0.0002	1.013119999999966
-1	0.022	1.013119999999966
0	0.275	1.013119999999966
1	0.2974	1.013119999999966
2	0.2186	1.013119999999966
3	0.1154	1.013119999999966
4	0.0498	1.013119999999966
5	0.0144	1.013119999999966
6	0.0058	1.013119999999966
7	0.0012	1.013119999999966
