pontuacao	frequencia	media
-3	0.0004	1.2042800000000022
-2	0.0082	1.2042800000000022
-1	0.0744	1.2042800000000022
0	0.2316	1.2042800000000022
1	0.1844	1.2042800000000022
2	0.2108	1.2042800000000022
3	0.1232	1.2042800000000022
4	0.0898	1.2042800000000022
5	0.046	1.2042800000000022
6	0.0156	1.2042800000000022
7	0.0124	1.2042800000000022
8	0.0016	1.2042800000000022
9	0.0014	1.2042800000000022
