pontuacao	frequencia	media
-3	0.003	0.9712200000000015
-2	0.0308	0.9712200000000015
-1	0.108	0.9712200000000015
0	0.2116	0.9712200000000015
1	0.206	0.9712200000000015
2	0.1758	0.9712200000000015
3	0.1206	0.9712200000000015
4	0.0752	0.9712200000000015
5	0.0404	0.9712200000000015
6	0.0158	0.9712200000000015
7	0.0074	0.9712200000000015
8	0.0038	0.9712200000000015
9	0.0014	0.9712200000000015
10	0.0	0.9712200000000015
11	0.0	0.9712200000000015
12	0.0	0.9712200000000015
