pontuacao	frequencia	media
-4	0.0004	1.158700000000001
-3	0.0054	1.158700000000001
-2	0.0282	1.158700000000001
-1	0.0956	1.158700000000001
0	0.1898	1.158700000000001
1	0.201	1.158700000000001
2	0.1766	1.158700000000001
3	0.1352	1.158700000000001
4	0.082	1.158700000000001
5	0.0444	1.158700000000001
6	0.0236	1.158700000000001
7	0.0106	1.158700000000001
8	0.0044	1.158700000000001
9	0.0012	1.158700000000001
10	0.0008	1.158700000000001
11	0.0006	1.158700000000001
