pontuacao	frequencia	media
-7	0.0006	0.15894000000000066
-6	0.0006	0.15894000000000066
-5	0.002	0.15894000000000066
-4	0.0084	0.15894000000000066
-3	0.0174	0.15894000000000066
-2	0.0604	0.15894000000000066
-1	0.115	0.15894000000000066
0	0.2418	0.15894000000000066
1	0.292	0.15894000000000066
2	0.1794	0.15894000000000066
3	0.0646	0.15894000000000066
4	0.0158	0.15894000000000066
