pontuacao	frequencia	media
-4	0.0004	2.080580000000009
-3	0.006	2.080580000000009
-2	0.0176	2.080580000000009
-1	0.064	2.080580000000009
0	0.1158	2.080580000000009
1	0.1532	2.080580000000009
2	0.1676	2.080580000000009
3	0.1558	2.080580000000009
4	0.124	2.080580000000009
5	0.0882	2.080580000000009
6	0.05	2.080580000000009
7	0.0236	2.080580000000009
8	0.0164	2.080580000000009
9	0.0102	2.080580000000009
10	0.0042	2.080580000000009
11	0.0018	2.080580000000009
12	0.001	2.080580000000009
