pontuacao	frequencia	media
-3	0.0004	0.6114399999999971
-2	0.0144	0.6114399999999971
-1	0.1188	0.6114399999999971
0	0.3036	0.6114399999999971
1	0.2044	0.6114399999999971
2	0.1866	0.6114399999999971
3	0.095	0.6114399999999971
4	0.0482	0.6114399999999971
5	0.0184	0.6114399999999971
6	0.0074	0.6114399999999971
7	0.0022	0.6114399999999971
