pontuacao	frequencia	media
-13	0.0002	-2.6519799999999574
-12	0.001	-2.6519799999999574
-11	0.001	-2.6519799999999574
-10	0.0024	-2.6519799999999574
-9	0.0042	-2.6519799999999574
-8	0.0138	-2.6519799999999574
-7	0.0126	-2.6519799999999574
-6	0.0464	-2.6519799999999574
-5	0.0542	-2.6519799999999574
-4	0.1386	-2.6519799999999574
-3	0.0964	-2.6519799999999574
-2	0.266	-2.6519799999999574
-1	0.106	-2.6519799999999574
