pontuacao	frequencia	media
-3	0.0036	1.1698999999999637
-2	0.034	1.1698999999999637
-1	0.1106	1.1698999999999637
0	0.1828	1.1698999999999637
1	0.188	1.1698999999999637
2	0.1752	1.1698999999999637
3	0.1342	1.1698999999999637
4	0.0768	1.1698999999999637
5	0.0464	1.1698999999999637
6	0.0276	1.1698999999999637
7	0.0112	1.1698999999999637
8	0.006	1.1698999999999637
9	0.002	1.1698999999999637
10	0.0008	1.1698999999999637
11	0.0	1.1698999999999637
