pontuacao	frequencia	media
1	0.0734	3.9513200000000666
2	0.1048	3.9513200000000666
3	0.149	3.9513200000000666
4	0.2188	3.9513200000000666
5	0.066	3.9513200000000666
6	0.1436	3.9513200000000666
7	0.0772	3.9513200000000666
8	0.0568	3.9513200000000666
9	0.0372	3.9513200000000666
10	0.0092	3.9513200000000666
11	0.0098	3.9513200000000666
12	0.0048	3.9513200000000666
13	0.0006	3.9513200000000666
14	0.0006	3.9513200000000666
