pontuacao	frequencia	media
-3	0.004	0.1979200000000014
-2	0.0274	0.1979200000000014
-1	0.1608	0.1979200000000014
0	0.3064	0.1979200000000014
1	0.255	0.1979200000000014
2	0.1508	0.1979200000000014
3	0.0632	0.1979200000000014
4	0.0246	0.1979200000000014
5	0.0066	0.1979200000000014
6	0.0004	0.1979200000000014
