pontuacao	frequencia	media
-3	0.0004	0.053599999999998565
-2	0.0136	0.053599999999998565
-1	0.1478	0.053599999999998565
0	0.386	0.053599999999998565
1	0.2938	0.053599999999998565
2	0.1194	0.053599999999998565
3	0.031	0.053599999999998565
4	0.0072	0.053599999999998565
