pontuacao	frequencia	media
-3	0.0008	-0.18451999999999702
-2	0.016	-0.18451999999999702
-1	0.1604	-0.18451999999999702
0	0.4638	-0.18451999999999702
1	0.2814	-0.18451999999999702
2	0.0702	-0.18451999999999702
3	0.0062	-0.18451999999999702
