pontuacao	frequencia	media
-11	0.0002	-1.4234600000000432
-10	0.0002	-1.4234600000000432
-9	0.0006	-1.4234600000000432
-8	0.0014	-1.4234600000000432
-7	0.003	-1.4234600000000432
-6	0.0088	-1.4234600000000432
-5	0.0184	-1.4234600000000432
-4	0.0534	-1.4234600000000432
-3	0.0742	-1.4234600000000432
-2	0.201	-1.4234600000000432
-1	0.1634	-1.4234600000000432
0	0.3696	-1.4234600000000432
1	0.103	-1.4234600000000432
