pontuacao	frequencia	media
-3	0.0002	0.15542000000000192
-2	0.0068	0.15542000000000192
-1	0.0974	0.15542000000000192
0	0.401	0.15542000000000192
1	0.3308	0.15542000000000192
2	0.1288	0.15542000000000192
3	0.03	0.15542000000000192
4	0.004	0.15542000000000192
