pontuacao	frequencia	media
-3	0.0034	-0.5963199999999985
-2	0.0488	-0.5963199999999985
-1	0.2584	-0.5963199999999985
0	0.4878	-0.5963199999999985
1	0.1818	-0.5963199999999985
2	0.0186	-0.5963199999999985
3	0.001	-0.5963199999999985
