pontuacao	frequencia	media
-7	0.0008	-1.3972800000000067
-6	0.0038	-1.3972800000000067
-5	0.011	-1.3972800000000067
-4	0.039	-1.3972800000000067
-3	0.109	-1.3972800000000067
-2	0.1858	-1.3972800000000067
-1	0.2502	-1.3972800000000067
0	0.2186	-1.3972800000000067
1	0.1192	-1.3972800000000067
2	0.0514	-1.3972800000000067
3	0.0096	-1.3972800000000067
4	0.0014	-1.3972800000000067
