pontuacao	frequencia	media
-4	0.0018	-1.4015200000000074
-3	0.0266	-1.4015200000000074
-2	0.1882	-1.4015200000000074
-1	0.4678	-1.4015200000000074
