pontuacao	frequencia	media
-4	0.0012	-0.26594000000000023
-3	0.019	-0.26594000000000023
-2	0.0992	-0.26594000000000023
-1	0.2358	-0.26594000000000023
0	0.2732	-0.26594000000000023
1	0.1802	-0.26594000000000023
2	0.1118	-0.26594000000000023
3	0.0508	-0.26594000000000023
4	0.0212	-0.26594000000000023
5	0.0052	-0.26594000000000023
6	0.0016	-0.26594000000000023
