pontuacao	frequencia	media
-6	0.0002	-2.210439999999997
-5	0.0042	-2.210439999999997
-4	0.0354	-2.210439999999997
-3	0.1692	-2.210439999999997
-2	0.3702	-2.210439999999997
-1	0.3402	-2.210439999999997
