pontuacao	frequencia	media
-8	0.0002	-0.8102399999999985
-7	0.0006	-0.8102399999999985
-6	0.0022	-0.8102399999999985
-5	0.0066	-0.8102399999999985
-4	0.0222	-0.8102399999999985
-3	0.0604	-0.8102399999999985
-2	0.1244	-0.8102399999999985
-1	0.2448	-0.8102399999999985
0	0.257	-0.8102399999999985
1	0.1588	-0.8102399999999985
2	0.0808	-0.8102399999999985
3	0.0316	-0.8102399999999985
4	0.0074	-0.8102399999999985
5	0.0026	-0.8102399999999985
