pontuacao	frequencia	media
-3	0.0006	1.4058999999999635
-2	0.0064	1.4058999999999635
-1	0.0666	1.4058999999999635
0	0.2074	1.4058999999999635
1	0.1832	1.4058999999999635
2	0.2092	1.4058999999999635
3	0.1362	1.4058999999999635
4	0.096	1.4058999999999635
5	0.0512	1.4058999999999635
6	0.0258	1.4058999999999635
7	0.0114	1.4058999999999635
8	0.0034	1.4058999999999635
9	0.0012	1.4058999999999635
10	0.0008	1.4058999999999635
