pontuacao	frequencia	media
-3	0.0004	0.6258599999999952
-2	0.0106	0.6258599999999952
-1	0.1186	0.6258599999999952
0	0.3378	0.6258599999999952
1	0.1682	0.6258599999999952
2	0.1962	0.6258599999999952
3	0.0848	0.6258599999999952
4	0.0534	0.6258599999999952
5	0.02	0.6258599999999952
6	0.0064	0.6258599999999952
7	0.0026	0.6258599999999952
8	0.0006	0.6258599999999952
