pontuacao	frequencia	media
-3	0.0012	1.7198399999999867
-2	0.0108	1.7198399999999867
-1	0.0686	1.7198399999999867
0	0.1364	1.7198399999999867
1	0.1864	1.7198399999999867
2	0.1952	1.7198399999999867
3	0.159	1.7198399999999867
4	0.107	1.7198399999999867
5	0.0704	1.7198399999999867
6	0.035	1.7198399999999867
7	0.0162	1.7198399999999867
8	0.0084	1.7198399999999867
9	0.0036	1.7198399999999867
10	0.001	1.7198399999999867
11	0.0006	1.7198399999999867
12	0.0	1.7198399999999867
