pontuacao	frequencia	media
-9	0.0006	-1.1273000000000246
-8	0.0012	-1.1273000000000246
-7	0.0036	-1.1273000000000246
-6	0.007	-1.1273000000000246
-5	0.0212	-1.1273000000000246
-4	0.0396	-1.1273000000000246
-3	0.076	-1.1273000000000246
-2	0.143	-1.1273000000000246
-1	0.2046	-1.1273000000000246
0	0.2578	-1.1273000000000246
1	0.1474	-1.1273000000000246
2	0.064	-1.1273000000000246
3	0.0214	-1.1273000000000246
4	0.0102	-1.1273000000000246
5	0.002	-1.1273000000000246
6	0.0002	-1.1273000000000246
