pontuacao	frequencia	media
-2	0.0008	0.8636199999999812
-1	0.0268	0.8636199999999812
0	0.2832	0.8636199999999812
1	0.3366	0.8636199999999812
2	0.2254	0.8636199999999812
3	0.0904	0.8636199999999812
4	0.029	0.8636199999999812
5	0.0066	0.8636199999999812
6	0.001	0.8636199999999812
