pontuacao	frequencia	media
-3	0.0012	2.7633199999999967
-2	0.005	2.7633199999999967
-1	0.0282	2.7633199999999967
0	0.0822	2.7633199999999967
1	0.1346	2.7633199999999967
2	0.1638	2.7633199999999967
3	0.166	2.7633199999999967
4	0.1392	2.7633199999999967
5	0.1076	2.7633199999999967
6	0.079	2.7633199999999967
7	0.0436	2.7633199999999967
8	0.0278	2.7633199999999967
9	0.0118	2.7633199999999967
10	0.0068	2.7633199999999967
11	0.0026	2.7633199999999967
12	0.0004	2.7633199999999967
