pontuacao	frequencia	media
-5	0.0014	-1.2477399999999943
-4	0.0184	-1.2477399999999943
-3	0.0674	-1.2477399999999943
-2	0.1988	-1.2477399999999943
-1	0.3082	-1.2477399999999943
0	0.2578	-1.2477399999999943
1	0.1096	-1.2477399999999943
2	0.0312	-1.2477399999999943
3	0.0054	-1.2477399999999943
4	0.0016	-1.2477399999999943
