pontuacao	frequencia	media
-9	0.0004	-1.5992200000000492
-8	0.0012	-1.5992200000000492
-7	0.0034	-1.5992200000000492
-6	0.0066	-1.5992200000000492
-5	0.0206	-1.5992200000000492
-4	0.0568	-1.5992200000000492
-3	0.0838	-1.5992200000000492
-2	0.2186	-1.5992200000000492
-1	0.1716	-1.5992200000000492
