pontuacao	frequencia	media
-6	0.0002	-0.0008800000000000344
-5	0.0006	-0.0008800000000000344
-4	0.0032	-0.0008800000000000344
-3	0.023	-0.0008800000000000344
-2	0.087	-0.0008800000000000344
-1	0.1896	-0.0008800000000000344
0	0.2396	-0.0008800000000000344
1	0.2046	-0.0008800000000000344
2	0.1342	-0.0008800000000000344
3	0.0662	-0.0008800000000000344
4	0.0288	-0.0008800000000000344
5	0.0152	-0.0008800000000000344
6	0.0056	-0.0008800000000000344
7	0.0018	-0.0008800000000000344
