pontuacao	frequencia	media
-3	0.0002	0.8855799999999947
-2	0.0094	0.8855799999999947
-1	0.0902	0.8855799999999947
0	0.2744	0.8855799999999947
1	0.2014	0.8855799999999947
2	0.2034	0.8855799999999947
3	0.1056	0.8855799999999947
4	0.0694	0.8855799999999947
5	0.0296	0.8855799999999947
6	0.0104	0.8855799999999947
7	0.0046	0.8855799999999947
8	0.001	0.8855799999999947
