pontuacao	frequencia	media
-4	0.0002	0.5939999999999988
-3	0.0002	0.5939999999999988
-2	0.013	0.5939999999999988
-1	0.1134	0.5939999999999988
0	0.2986	0.5939999999999988
1	0.2284	0.5939999999999988
2	0.1882	0.5939999999999988
3	0.085	0.5939999999999988
4	0.0466	0.5939999999999988
5	0.0158	0.5939999999999988
6	0.0082	0.5939999999999988
7	0.0016	0.5939999999999988
