pontuacao	frequencia	media
-4	0.0002	0.6503399999999977
-3	0.0056	0.6503399999999977
-2	0.0332	0.6503399999999977
-1	0.1408	0.6503399999999977
0	0.2358	0.6503399999999977
1	0.2128	0.6503399999999977
2	0.169	0.6503399999999977
3	0.1046	0.6503399999999977
4	0.0546	0.6503399999999977
5	0.0262	0.6503399999999977
6	0.0088	0.6503399999999977
7	0.0046	0.6503399999999977
8	0.0018	0.6503399999999977
9	0.0018	0.6503399999999977
10	0.0	0.6503399999999977
11	0.0	0.6503399999999977
