pontuacao	frequencia	media
-3	0.0024	-0.5917399999999994
-2	0.0482	-0.5917399999999994
-1	0.2618	-0.5917399999999994
0	0.4756	-0.5917399999999994
1	0.195	-0.5917399999999994
2	0.0156	-0.5917399999999994
3	0.001	-0.5917399999999994
