pontuacao	frequencia	media
-2	0.003	-0.039200000000000804
-1	0.0804	-0.039200000000000804
0	0.518	-0.039200000000000804
1	0.3552	-0.039200000000000804
2	0.0416	-0.039200000000000804
3	0.0016	-0.039200000000000804
