pontuacao	frequencia	media
-2	0.0042	0.7066199999999866
-1	0.043	0.7066199999999866
0	0.2482	0.7066199999999866
1	0.3682	0.7066199999999866
2	0.2396	0.7066199999999866
3	0.077	0.7066199999999866
4	0.0174	0.7066199999999866
5	0.0022	0.7066199999999866
6	0.0	0.7066199999999866
