pontuacao	frequencia	media
-4	0.0002	0.29636000000000334
-3	0.0056	0.29636000000000334
-2	0.0306	0.29636000000000334
-1	0.144	0.29636000000000334
0	0.2894	0.29636000000000334
1	0.2516	0.29636000000000334
2	0.163	0.29636000000000334
3	0.0734	0.29636000000000334
4	0.0302	0.29636000000000334
5	0.0096	0.29636000000000334
6	0.0018	0.29636000000000334
