pontuacao	frequencia	media
-2	0.0086	0.7285999999999921
-1	0.1076	0.7285999999999921
0	0.3088	0.7285999999999921
1	0.1826	0.7285999999999921
2	0.2032	0.7285999999999921
3	0.0948	0.7285999999999921
4	0.0592	0.7285999999999921
5	0.0222	0.7285999999999921
6	0.0076	0.7285999999999921
7	0.0042	0.7285999999999921
8	0.001	0.7285999999999921
