pontuacao	frequencia	media
-6	0.0012	0.2285800000000076
-5	0.0024	0.2285800000000076
-4	0.0118	0.2285800000000076
-3	0.0132	0.2285800000000076
-2	0.0828	0.2285800000000076
-1	0.0656	0.2285800000000076
0	0.3658	0.2285800000000076
1	0.1602	0.2285800000000076
2	0.172	0.2285800000000076
3	0.069	0.2285800000000076
4	0.0428	0.2285800000000076
5	0.0086	0.2285800000000076
6	0.0034	0.2285800000000076
7	0.001	0.2285800000000076
