pontuacao	frequencia	media
-4	0.0012	0.6167199999999948
-3	0.0062	0.6167199999999948
-2	0.0382	0.6167199999999948
-1	0.1222	0.6167199999999948
0	0.2204	0.6167199999999948
1	0.249	0.6167199999999948
2	0.1878	0.6167199999999948
3	0.1082	0.6167199999999948
4	0.0448	0.6167199999999948
5	0.0158	0.6167199999999948
6	0.0056	0.6167199999999948
7	0.0004	0.6167199999999948
