pontuacao	frequencia	media
-2	0.015	0.17560000000000106
-1	0.1364	0.17560000000000106
0	0.364	0.17560000000000106
1	0.2706	0.17560000000000106
2	0.1462	0.17560000000000106
3	0.0476	0.17560000000000106
4	0.0168	0.17560000000000106
5	0.002	0.17560000000000106
