pontuacao	frequencia	media
1	0.2004	2.205620000000001
2	0.159	2.205620000000001
3	0.2058	2.205620000000001
4	0.1672	2.205620000000001
5	0.0494	2.205620000000001
6	0.0446	2.205620000000001
7	0.0228	2.205620000000001
8	0.01	2.205620000000001
9	0.0032	2.205620000000001
10	0.0002	2.205620000000001
11	0.0004	2.205620000000001
12	0.0002	2.205620000000001
13	0.0	2.205620000000001
