pontuacao	frequencia	media
-4	0.0004	1.207519999999949
-3	0.0022	1.207519999999949
-2	0.0252	1.207519999999949
-1	0.1062	1.207519999999949
0	0.1882	1.207519999999949
1	0.1758	1.207519999999949
2	0.1996	1.207519999999949
3	0.1472	1.207519999999949
4	0.0794	1.207519999999949
5	0.0372	1.207519999999949
6	0.0234	1.207519999999949
7	0.0078	1.207519999999949
8	0.005	1.207519999999949
9	0.0018	1.207519999999949
10	0.0004	1.207519999999949
