pontuacao	frequencia	media
-1	0.0006	1.2068799999999522
0	0.1002	1.2068799999999522
1	0.3694	1.2068799999999522
2	0.372	1.2068799999999522
3	0.1312	1.2068799999999522
4	0.0246	1.2068799999999522
