pontuacao	frequencia	media
-4	0.0002	0.34928000000000015
-3	0.0016	0.34928000000000015
-2	0.0184	0.34928000000000015
-1	0.1242	0.34928000000000015
0	0.2954	0.34928000000000015
1	0.287	0.34928000000000015
2	0.1704	0.34928000000000015
3	0.0684	0.34928000000000015
4	0.024	0.34928000000000015
5	0.0086	0.34928000000000015
6	0.0014	0.34928000000000015
