pontuacao	frequencia	media
-6	0.003	-0.5327399999999998
-5	0.0042	-0.5327399999999998
-4	0.0266	-0.5327399999999998
-3	0.0274	-0.5327399999999998
-2	0.1568	-0.5327399999999998
-1	0.089	-0.5327399999999998
0	0.4862	-0.5327399999999998
1	0.0428	-0.5327399999999998
2	0.133	-0.5327399999999998
3	0.014	-0.5327399999999998
4	0.0128	-0.5327399999999998
5	0.0014	-0.5327399999999998
6	0.0022	-0.5327399999999998
