pontuacao	frequencia	media
-2	0.0012	1.321579999999978
-1	0.037	1.321579999999978
0	0.2824	1.321579999999978
1	0.1248	1.321579999999978
2	0.2728	1.321579999999978
3	0.0996	1.321579999999978
4	0.1066	1.321579999999978
5	0.0414	1.321579999999978
6	0.0202	1.321579999999978
7	0.0094	1.321579999999978
8	0.0022	1.321579999999978
9	0.002	1.321579999999978
10	0.0	1.321579999999978
11	0.0002	1.321579999999978
