pontuacao	frequencia	media
1	0.203	2.1066200000000057
2	0.304	2.1066200000000057
3	0.2454	2.1066200000000057
4	0.125	2.1066200000000057
5	0.0528	2.1066200000000057
6	0.0168	2.1066200000000057
7	0.0044	2.1066200000000057
