pontuacao	frequencia	media
-3	0.0018	1.0377000000000032
-2	0.0148	1.0377000000000032
-1	0.118	1.0377000000000032
0	0.207	1.0377000000000032
1	0.217	1.0377000000000032
2	0.1662	1.0377000000000032
3	0.1318	1.0377000000000032
4	0.069	1.0377000000000032
5	0.0446	1.0377000000000032
6	0.0172	1.0377000000000032
7	0.0084	1.0377000000000032
8	0.002	1.0377000000000032
9	0.0012	1.0377000000000032
10	0.0006	1.0377000000000032
11	0.0	1.0377000000000032
12	0.0002	1.0377000000000032
