pontuacao	frequencia	media
-8	0.0014	-1.233320000000012
-7	0.0024	-1.233320000000012
-6	0.008	-1.233320000000012
-5	0.0188	-1.233320000000012
-4	0.039	-1.233320000000012
-3	0.0848	-1.233320000000012
-2	0.145	-1.233320000000012
-1	0.201	-1.233320000000012
0	0.261	-1.233320000000012
1	0.1782	-1.233320000000012
2	0.0528	-1.233320000000012
3	0.0068	-1.233320000000012
