pontuacao	frequencia	media
-6	0.0012	0.08555999999999606
-5	0.001	0.08555999999999606
-4	0.01	0.08555999999999606
-3	0.021	0.08555999999999606
-2	0.0656	0.08555999999999606
-1	0.1128	0.08555999999999606
0	0.256	0.08555999999999606
1	0.2878	0.08555999999999606
2	0.1746	0.08555999999999606
3	0.054	0.08555999999999606
4	0.0128	0.08555999999999606
5	0.003	0.08555999999999606
