pontuacao	frequencia	media
-4	0.0004	0.40309999999999874
-3	0.0052	0.40309999999999874
-2	0.0492	0.40309999999999874
-1	0.1564	0.40309999999999874
0	0.24	0.40309999999999874
1	0.2334	0.40309999999999874
2	0.1606	0.40309999999999874
3	0.0838	0.40309999999999874
4	0.0404	0.40309999999999874
5	0.019	0.40309999999999874
6	0.006	0.40309999999999874
7	0.004	0.40309999999999874
8	0.0006	0.40309999999999874
9	0.0008	0.40309999999999874
