pontuacao	frequencia	media
-3	0.0024	0.2106600000000049
-2	0.0346	0.2106600000000049
-1	0.1726	0.2106600000000049
0	0.3018	0.2106600000000049
1	0.2426	0.2106600000000049
2	0.1494	0.2106600000000049
3	0.0602	0.2106600000000049
4	0.0238	0.2106600000000049
5	0.0082	0.2106600000000049
6	0.0036	0.2106600000000049
7	0.0004	0.2106600000000049
