pontuacao	frequencia	media
-3	0.0012	0.755799999999987
-2	0.0206	0.755799999999987
-1	0.1042	0.755799999999987
0	0.2458	0.755799999999987
1	0.2572	0.755799999999987
2	0.1774	0.755799999999987
3	0.1132	0.755799999999987
4	0.047	0.755799999999987
5	0.0226	0.755799999999987
6	0.0062	0.755799999999987
7	0.003	0.755799999999987
8	0.0012	0.755799999999987
