pontuacao	frequencia	media
-5	0.0004	0.5094399999999992
-4	0.0018	0.5094399999999992
-3	0.0244	0.5094399999999992
-2	0.0772	0.5094399999999992
-1	0.16	0.5094399999999992
0	0.1912	0.5094399999999992
1	0.181	0.5094399999999992
2	0.1448	0.5094399999999992
3	0.0972	0.5094399999999992
4	0.0586	0.5094399999999992
5	0.0336	0.5094399999999992
6	0.0196	0.5094399999999992
7	0.006	0.5094399999999992
8	0.0032	0.5094399999999992
