pontuacao	frequencia	media
1	0.3318	1.1738999999999555
2	0.3712	1.1738999999999555
3	0.113	1.1738999999999555
4	0.0324	1.1738999999999555
5	0.0034	1.1738999999999555
