pontuacao	frequencia	media
-6	0.0008	-0.2528999999999973
-5	0.0024	-0.2528999999999973
-4	0.0094	-0.2528999999999973
-3	0.0288	-0.2528999999999973
-2	0.0812	-0.2528999999999973
-1	0.1642	-0.2528999999999973
0	0.3134	-0.2528999999999973
1	0.223	-0.2528999999999973
2	0.1096	-0.2528999999999973
3	0.0454	-0.2528999999999973
4	0.0146	-0.2528999999999973
5	0.0062	-0.2528999999999973
