pontuacao	frequencia	media
-3	0.0002	0.7796200000000005
-2	0.0142	0.7796200000000005
-1	0.1222	0.7796200000000005
0	0.269	0.7796200000000005
1	0.1826	0.7796200000000005
2	0.1846	0.7796200000000005
3	0.1096	0.7796200000000005
4	0.058	0.7796200000000005
5	0.0402	0.7796200000000005
6	0.01	0.7796200000000005
7	0.0066	0.7796200000000005
8	0.0012	0.7796200000000005
9	0.001	0.7796200000000005
10	0.0002	0.7796200000000005
