pontuacao	frequencia	media
-2	0.001	1.317339999999977
-1	0.0364	1.317339999999977
0	0.2932	1.317339999999977
1	0.1254	1.317339999999977
2	0.2654	1.317339999999977
3	0.094	1.317339999999977
4	0.1042	1.317339999999977
5	0.0384	1.317339999999977
6	0.0276	1.317339999999977
7	0.0104	1.317339999999977
8	0.002	1.317339999999977
9	0.0016	1.317339999999977
