pontuacao	frequencia	media
-8	0.0002	-0.6365400000000093
-7	0.0006	-0.6365400000000093
-6	0.0028	-0.6365400000000093
-5	0.0052	-0.6365400000000093
-4	0.0228	-0.6365400000000093
-3	0.0302	-0.6365400000000093
-2	0.1276	-0.6365400000000093
-1	0.1344	-0.6365400000000093
0	0.3872	-0.6365400000000093
1	0.2302	-0.6365400000000093
2	0.0492	-0.6365400000000093
