pontuacao	frequencia	media
-2	0.0006	0.5990199999999906
-1	0.0358	0.5990199999999906
0	0.3128	0.5990199999999906
1	0.4014	0.5990199999999906
2	0.1856	0.5990199999999906
3	0.0516	0.5990199999999906
4	0.0104	0.5990199999999906
