pontuacao	frequencia	media
0	0.0096	4.28653999999999
1	0.0434	4.28653999999999
2	0.1048	4.28653999999999
3	0.1522	4.28653999999999
4	0.1766	4.28653999999999
5	0.1728	4.28653999999999
6	0.1316	4.28653999999999
7	0.0952	4.28653999999999
8	0.0554	4.28653999999999
9	0.0328	4.28653999999999
10	0.0138	4.28653999999999
11	0.0074	4.28653999999999
12	0.0022	4.28653999999999
13	0.0016	4.28653999999999
14	0.0004	4.28653999999999
