pontuacao	frequencia	media
-3	0.0008	-0.40427999999999853
-2	0.0128	-0.40427999999999853
-1	0.197	-0.40427999999999853
0	0.5304	-0.40427999999999853
1	0.2312	-0.40427999999999853
2	0.0264	-0.40427999999999853
