pontuacao	frequencia	media
-6	0.0004	0.810339999999994
-5	0.0016	0.810339999999994
-4	0.0054	0.810339999999994
-3	0.0144	0.810339999999994
-2	0.0366	0.810339999999994
-1	0.0986	0.810339999999994
0	0.1908	0.810339999999994
1	0.2212	0.810339999999994
2	0.189	0.810339999999994
3	0.1316	0.810339999999994
4	0.063	0.810339999999994
5	0.0286	0.810339999999994
6	0.013	0.810339999999994
7	0.0044	0.810339999999994
8	0.001	0.810339999999994
