pontuacao	frequencia	media
-2	0.002	1.8159999999999876
-1	0.0236	1.8159999999999876
0	0.1324	1.8159999999999876
1	0.205	1.8159999999999876
2	0.2342	1.8159999999999876
3	0.1754	1.8159999999999876
4	0.1134	1.8159999999999876
5	0.0612	1.8159999999999876
6	0.029	1.8159999999999876
7	0.015	1.8159999999999876
8	0.0058	1.8159999999999876
9	0.0026	1.8159999999999876
