pontuacao	frequencia	media
-6	0.0004	-2.296940000000002
-5	0.0046	-2.296940000000002
-4	0.0372	-2.296940000000002
-3	0.1758	-2.296940000000002
-2	0.4216	-2.296940000000002
-1	0.2968	-2.296940000000002
