pontuacao	frequencia	media
-3	0.0012	1.3323599999999938
-2	0.0146	1.3323599999999938
-1	0.0846	1.3323599999999938
0	0.1806	1.3323599999999938
1	0.2038	1.3323599999999938
2	0.1896	1.3323599999999938
3	0.1428	1.3323599999999938
4	0.0888	1.3323599999999938
5	0.0478	1.3323599999999938
6	0.0272	1.3323599999999938
7	0.0118	1.3323599999999938
8	0.0044	1.3323599999999938
9	0.002	1.3323599999999938
