pontuacao	frequencia	media
-9	0.0006	-2.0313600000000016
-8	0.0008	-2.0313600000000016
-7	0.0058	-2.0313600000000016
-6	0.0116	-2.0313600000000016
-5	0.0332	-2.0313600000000016
-4	0.0738	-2.0313600000000016
-3	0.1398	-2.0313600000000016
-2	0.2202	-2.0313600000000016
-1	0.249	-2.0313600000000016
0	0.1684	-2.0313600000000016
1	0.0788	-2.0313600000000016
2	0.016	-2.0313600000000016
