pontuacao	frequencia	media
-3	0.0032	-0.5959400000000021
-2	0.0472	-0.5959400000000021
-1	0.258	-0.5959400000000021
0	0.4858	-0.5959400000000021
1	0.1886	-0.5959400000000021
2	0.0164	-0.5959400000000021
