pontuacao	frequencia	media
-2	0.0016	1.5399399999999457
-1	0.025	1.5399399999999457
0	0.1472	1.5399399999999457
1	0.261	1.5399399999999457
2	0.246	1.5399399999999457
3	0.1526	1.5399399999999457
4	0.0922	1.5399399999999457
5	0.0434	1.5399399999999457
6	0.018	1.5399399999999457
7	0.0104	1.5399399999999457
8	0.0014	1.5399399999999457
9	0.0008	1.5399399999999457
10	0.0002	1.5399399999999457
