pontuacao	frequencia	media
-4	0.0008	0.1856999999999998
-3	0.0058	0.1856999999999998
-2	0.0432	0.1856999999999998
-1	0.1664	0.1856999999999998
0	0.2836	0.1856999999999998
1	0.2446	0.1856999999999998
2	0.1494	0.1856999999999998
3	0.0642	0.1856999999999998
4	0.0296	0.1856999999999998
5	0.0088	0.1856999999999998
6	0.0022	0.1856999999999998
7	0.0012	0.1856999999999998
8	0.0	0.1856999999999998
