pontuacao	frequencia	media
-3	0.0028	-0.4039999999999885
-2	0.04	-0.4039999999999885
-1	0.2258	-0.4039999999999885
0	0.4894	-0.4039999999999885
1	0.2176	-0.4039999999999885
2	0.0238	-0.4039999999999885
