pontuacao	frequencia	media
1	0.0	1.7088399999999477
2	0.3744	1.7088399999999477
3	0.0	1.7088399999999477
4	0.1812	1.7088399999999477
5	0.0	1.7088399999999477
6	0.06	1.7088399999999477
7	0.017	1.7088399999999477
8	0.0	1.7088399999999477
9	0.0028	1.7088399999999477
10	0.0	1.7088399999999477
11	0.0006	1.7088399999999477
