pontuacao	frequencia	media
-2	0.009	0.8617199999999786
-1	0.0682	0.8617199999999786
0	0.2352	0.8617199999999786
1	0.2866	0.8617199999999786
2	0.219	0.8617199999999786
3	0.1142	0.8617199999999786
4	0.0456	0.8617199999999786
5	0.0178	0.8617199999999786
6	0.0036	0.8617199999999786
7	0.0006	0.8617199999999786
