pontuacao	frequencia	media
-2	0.0016	3.284560000000007
-1	0.0152	3.284560000000007
0	0.0672	3.284560000000007
1	0.1	3.284560000000007
2	0.1572	3.284560000000007
3	0.152	3.284560000000007
4	0.1688	3.284560000000007
5	0.1064	3.284560000000007
6	0.0924	3.284560000000007
7	0.066	3.284560000000007
8	0.0316	3.284560000000007
9	0.0208	3.284560000000007
10	0.0092	3.284560000000007
11	0.0054	3.284560000000007
12	0.0028	3.284560000000007
13	0.0022	3.284560000000007
14	0.001	3.284560000000007
