pontuacao	frequencia	media
-5	0.0012	1.964599999999998
-4	0.0034	1.964599999999998
-3	0.0118	1.964599999999998
-2	0.0204	1.964599999999998
-1	0.0616	1.964599999999998
0	0.1086	1.964599999999998
1	0.1526	1.964599999999998
2	0.175	1.964599999999998
3	0.16	1.964599999999998
4	0.1292	1.964599999999998
5	0.0744	1.964599999999998
6	0.052	1.964599999999998
7	0.023	1.964599999999998
8	0.013	1.964599999999998
9	0.0086	1.964599999999998
10	0.003	1.964599999999998
11	0.0016	1.964599999999998
