pontuacao	frequencia	media
-3	0.001	1.5820000000000012
-2	0.011	1.5820000000000012
-1	0.07	1.5820000000000012
0	0.1626	1.5820000000000012
1	0.1932	1.5820000000000012
2	0.1896	1.5820000000000012
3	0.1448	1.5820000000000012
4	0.1032	1.5820000000000012
5	0.0642	1.5820000000000012
6	0.0354	1.5820000000000012
7	0.013	1.5820000000000012
8	0.0074	1.5820000000000012
9	0.0024	1.5820000000000012
10	0.0016	1.5820000000000012
11	0.0004	1.5820000000000012
