pontuacao	frequencia	media
1	0.0	1.6914999999999458
2	0.3588	1.6914999999999458
3	0.0	1.6914999999999458
4	0.1874	1.6914999999999458
5	0.0	1.6914999999999458
6	0.0594	1.6914999999999458
7	0.0152	1.6914999999999458
8	0.0	1.6914999999999458
9	0.004	1.6914999999999458
10	0.0	1.6914999999999458
