pontuacao	frequencia	media
-2	0.0046	1.0063799999999665
-1	0.055	1.0063799999999665
0	0.2388	1.0063799999999665
1	0.278	1.0063799999999665
2	0.214	1.0063799999999665
3	0.121	1.0063799999999665
4	0.0558	1.0063799999999665
5	0.022	1.0063799999999665
6	0.0084	1.0063799999999665
7	0.0012	1.0063799999999665
8	0.001	1.0063799999999665
9	0.0	1.0063799999999665
