pontuacao	frequencia	media
-3	0.0008	-0.8126000000000181
-2	0.0408	-0.8126000000000181
-1	0.3386	-0.8126000000000181
