pontuacao	frequencia	media
1	0.2034	2.197940000000009
2	0.1674	2.197940000000009
3	0.2006	2.197940000000009
4	0.16	2.197940000000009
5	0.0458	2.197940000000009
6	0.0434	2.197940000000009
7	0.025	2.197940000000009
8	0.0118	2.197940000000009
9	0.0034	2.197940000000009
10	0.0002	2.197940000000009
11	0.0006	2.197940000000009
12	0.0002	2.197940000000009
