pontuacao	frequencia	media
-3	0.0002	0.18762000000000395
-2	0.0024	0.18762000000000395
-1	0.074	0.18762000000000395
0	0.5228	0.18762000000000395
1	0.2168	0.18762000000000395
2	0.1322	0.18762000000000395
3	0.0324	0.18762000000000395
4	0.0158	0.18762000000000395
5	0.0026	0.18762000000000395
