pontuacao	frequencia	media
-2	0.0038	-0.30065999999998866
-1	0.116	-0.30065999999998866
0	0.6696	-0.30065999999998866
1	0.2034	-0.30065999999998866
