pontuacao	frequencia	media
-7	0.0006	0.3019199999999988
-6	0.0012	0.3019199999999988
-5	0.0028	0.3019199999999988
-4	0.0114	0.3019199999999988
-3	0.0324	0.3019199999999988
-2	0.066	0.3019199999999988
-1	0.1284	0.3019199999999988
0	0.2172	0.3019199999999988
1	0.1998	0.3019199999999988
2	0.1632	0.3019199999999988
3	0.0946	0.3019199999999988
4	0.0506	0.3019199999999988
5	0.019	0.3019199999999988
6	0.0078	0.3019199999999988
7	0.003	0.3019199999999988
8	0.0014	0.3019199999999988
