pontuacao	frequencia	media
-4	0.0006	-0.3982399999999863
-3	0.0034	-0.3982399999999863
-2	0.0434	-0.3982399999999863
-1	0.232	-0.3982399999999863
0	0.4266	-0.3982399999999863
1	0.2336	-0.3982399999999863
2	0.0536	-0.3982399999999863
3	0.0064	-0.3982399999999863
