pontuacao	frequencia	media
-4	0.0018	-0.6047600000000019
-3	0.017	-0.6047600000000019
-2	0.0836	-0.6047600000000019
-1	0.2596	-0.6047600000000019
0	0.368	-0.6047600000000019
1	0.2102	-0.6047600000000019
2	0.0524	-0.6047600000000019
3	0.0068	-0.6047600000000019
4	0.0004	-0.6047600000000019
