pontuacao	frequencia	media
-2	0.0096	1.149619999999976
-1	0.0956	1.149619999999976
0	0.2866	1.149619999999976
1	0.2256	1.149619999999976
2	0.144	1.149619999999976
3	0.0688	1.149619999999976
4	0.0398	1.149619999999976
5	0.046	1.149619999999976
6	0.0358	1.149619999999976
7	0.0214	1.149619999999976
8	0.0114	1.149619999999976
9	0.0066	1.149619999999976
10	0.0046	1.149619999999976
11	0.0028	1.149619999999976
12	0.0012	1.149619999999976
