pontuacao	frequencia	media
-1	0.0008	0.9635399999999678
0	0.3924	0.9635399999999678
1	0.1996	0.9635399999999678
2	0.2328	0.9635399999999678
3	0.0806	0.9635399999999678
4	0.0736	0.9635399999999678
5	0.0086	0.9635399999999678
6	0.0094	0.9635399999999678
7	0.001	0.9635399999999678
8	0.001	0.9635399999999678
9	0.0	0.9635399999999678
10	0.0	0.9635399999999678
