pontuacao	frequencia	media
-2	0.0012	0.7236199999999876
-1	0.0476	0.7236199999999876
0	0.325	0.7236199999999876
1	0.2968	0.7236199999999876
2	0.1868	0.7236199999999876
3	0.094	0.7236199999999876
4	0.0316	0.7236199999999876
5	0.0102	0.7236199999999876
6	0.0042	0.7236199999999876
7	0.002	0.7236199999999876
8	0.0004	0.7236199999999876
9	0.0	0.7236199999999876
