pontuacao	frequencia	media
-1	0.0032	3.1331600000000055
0	0.1254	3.1331600000000055
1	0.0224	3.1331600000000055
2	0.2502	3.1331600000000055
3	0.0752	3.1331600000000055
4	0.1992	3.1331600000000055
5	0.1128	3.1331600000000055
6	0.0716	3.1331600000000055
7	0.0864	3.1331600000000055
8	0.0108	3.1331600000000055
9	0.0258	3.1331600000000055
10	0.008	3.1331600000000055
11	0.0048	3.1331600000000055
12	0.0038	3.1331600000000055
13	0.0	3.1331600000000055
14	0.0002	3.1331600000000055
