pontuacao	frequencia	media
0	0.011	4.318279999999974
1	0.0434	4.318279999999974
2	0.1004	4.318279999999974
3	0.1582	4.318279999999974
4	0.1814	4.318279999999974
5	0.1596	4.318279999999974
6	0.1334	4.318279999999974
7	0.0872	4.318279999999974
8	0.0574	4.318279999999974
9	0.0346	4.318279999999974
10	0.0204	4.318279999999974
11	0.0062	4.318279999999974
12	0.0032	4.318279999999974
13	0.0026	4.318279999999974
14	0.0006	4.318279999999974
