pontuacao	frequencia	media
-2	0.0012	1.8819599999999743
-1	0.0214	1.8819599999999743
0	0.1526	1.8819599999999743
1	0.2024	1.8819599999999743
2	0.206	1.8819599999999743
3	0.1722	1.8819599999999743
4	0.1118	1.8819599999999743
5	0.0648	1.8819599999999743
6	0.0364	1.8819599999999743
7	0.0192	1.8819599999999743
8	0.0078	1.8819599999999743
9	0.0024	1.8819599999999743
