pontuacao	frequencia	media
1	0.0892	3.7639400000001153
2	0.133	3.7639400000001153
3	0.1742	3.7639400000001153
4	0.183	3.7639400000001153
5	0.1582	3.7639400000001153
6	0.102	3.7639400000001153
7	0.0658	3.7639400000001153
8	0.0412	3.7639400000001153
9	0.0222	3.7639400000001153
10	0.0092	3.7639400000001153
11	0.0046	3.7639400000001153
12	0.0018	3.7639400000001153
13	0.0	3.7639400000001153
