pontuacao	frequencia	media
-3	0.0006	-0.03957999999999999
-2	0.0092	-0.03957999999999999
-1	0.1114	-0.03957999999999999
0	0.434	-0.03957999999999999
1	0.3476	-0.03957999999999999
2	0.0878	-0.03957999999999999
3	0.0086	-0.03957999999999999
