pontuacao	frequencia	media
-3	0.0002	4.38112
-2	0.004	4.38112
-1	0.0204	4.38112
0	0.0374	4.38112
1	0.066	4.38112
2	0.1086	4.38112
3	0.129	4.38112
4	0.1012	4.38112
5	0.13	4.38112
6	0.1274	4.38112
7	0.0984	4.38112
8	0.0692	4.38112
9	0.0356	4.38112
10	0.026	4.38112
11	0.0204	4.38112
12	0.0132	4.38112
13	0.0056	4.38112
14	0.0042	4.38112
15	0.0014	4.38112
16	0.0014	4.38112
