pontuacao	frequencia	media
-2	0.0044	-0.057640000000001905
-1	0.104	-0.057640000000001905
0	0.5586	-0.057640000000001905
1	0.2604	-0.057640000000001905
2	0.0606	-0.057640000000001905
3	0.011	-0.057640000000001905
