pontuacao	frequencia	media
-2	0.0044	0.4265600000000112
-1	0.0864	0.4265600000000112
0	0.397	0.4265600000000112
1	0.2384	0.4265600000000112
2	0.1658	0.4265600000000112
3	0.064	0.4265600000000112
4	0.0328	0.4265600000000112
5	0.0068	0.4265600000000112
6	0.0036	0.4265600000000112
7	0.0006	0.4265600000000112
