pontuacao	frequencia	media
-12	0.0002	-2.2324399999999844
-11	0.0	-2.2324399999999844
-10	0.0004	-2.2324399999999844
-9	0.0022	-2.2324399999999844
-8	0.005	-2.2324399999999844
-7	0.0114	-2.2324399999999844
-6	0.0198	-2.2324399999999844
-5	0.0482	-2.2324399999999844
-4	0.0812	-2.2324399999999844
-3	0.1456	-2.2324399999999844
-2	0.2068	-2.2324399999999844
-1	0.2314	-2.2324399999999844
