pontuacao	frequencia	media
-4	0.001	0.3871000000000082
-3	0.0096	0.3871000000000082
-2	0.0644	0.3871000000000082
-1	0.1904	0.3871000000000082
0	0.2072	0.3871000000000082
1	0.1912	0.3871000000000082
2	0.1486	0.3871000000000082
3	0.1014	0.3871000000000082
4	0.0462	0.3871000000000082
5	0.026	0.3871000000000082
6	0.0096	0.3871000000000082
7	0.003	0.3871000000000082
8	0.0006	0.3871000000000082
