pontuacao	frequencia	media
-3	0.0002	1.9056799999999967
-2	0.0038	1.9056799999999967
-1	0.0306	1.9056799999999967
0	0.1452	1.9056799999999967
1	0.1916	1.9056799999999967
2	0.1996	1.9056799999999967
3	0.1708	1.9056799999999967
4	0.116	1.9056799999999967
5	0.0686	1.9056799999999967
6	0.0414	1.9056799999999967
7	0.0208	1.9056799999999967
8	0.0058	1.9056799999999967
9	0.003	1.9056799999999967
10	0.0012	1.9056799999999967
11	0.0012	1.9056799999999967
