pontuacao	frequencia	media
-3	0.001	-0.7907200000000146
-2	0.0354	-0.7907200000000146
-1	0.328	-0.7907200000000146
