pontuacao	frequencia	media
-1	0.0036	3.1269600000000137
0	0.1228	3.1269600000000137
1	0.02	3.1269600000000137
2	0.2502	3.1269600000000137
3	0.0806	3.1269600000000137
4	0.1946	3.1269600000000137
5	0.1154	3.1269600000000137
6	0.0814	3.1269600000000137
7	0.0816	3.1269600000000137
8	0.01	3.1269600000000137
9	0.023	3.1269600000000137
10	0.0078	3.1269600000000137
11	0.0048	3.1269600000000137
12	0.0034	3.1269600000000137
13	0.0002	3.1269600000000137
