pontuacao	frequencia	media
1	0.0	1.7081599999999448
2	0.3612	1.7081599999999448
3	0.0	1.7081599999999448
4	0.188	1.7081599999999448
5	0.0	1.7081599999999448
6	0.06	1.7081599999999448
7	0.016	1.7081599999999448
8	0.0	1.7081599999999448
9	0.0042	1.7081599999999448
10	0.0	1.7081599999999448
11	0.0002	1.7081599999999448
