pontuacao	frequencia	media
-4	0.0004	0.3013799999999989
-3	0.0106	0.3013799999999989
-2	0.07	0.3013799999999989
-1	0.1908	0.3013799999999989
0	0.2134	0.3013799999999989
1	0.2072	0.3013799999999989
2	0.1414	0.3013799999999989
3	0.0864	0.3013799999999989
4	0.0424	0.3013799999999989
5	0.0236	0.3013799999999989
6	0.0092	0.3013799999999989
7	0.0022	0.3013799999999989
8	0.0018	0.3013799999999989
9	0.0004	0.3013799999999989
10	0.0	0.3013799999999989
