pontuacao	frequencia	media
-3	0.002	0.9887800000000023
-2	0.019	0.9887800000000023
-1	0.121	0.9887800000000023
0	0.2094	0.9887800000000023
1	0.214	0.9887800000000023
2	0.1712	0.9887800000000023
3	0.1242	0.9887800000000023
4	0.068	0.9887800000000023
5	0.0428	0.9887800000000023
6	0.0146	0.9887800000000023
7	0.01	0.9887800000000023
8	0.002	0.9887800000000023
9	0.0006	0.9887800000000023
10	0.0006	0.9887800000000023
11	0.0004	0.9887800000000023
