pontuacao	frequencia	media
-2	0.0004	2.010819999999982
-1	0.0126	2.010819999999982
0	0.0804	2.010819999999982
1	0.2202	2.010819999999982
2	0.2456	2.010819999999982
3	0.1916	2.010819999999982
4	0.1366	2.010819999999982
5	0.0684	2.010819999999982
6	0.0294	2.010819999999982
7	0.0114	2.010819999999982
8	0.0032	2.010819999999982
