pontuacao	frequencia	media
-4	0.0004	1.3873799999999679
-3	0.0014	1.3873799999999679
-2	0.0128	1.3873799999999679
-1	0.0686	1.3873799999999679
0	0.1486	1.3873799999999679
1	0.221	1.3873799999999679
2	0.2132	1.3873799999999679
3	0.1598	1.3873799999999679
4	0.1004	1.3873799999999679
5	0.0468	1.3873799999999679
6	0.0168	1.3873799999999679
7	0.0068	1.3873799999999679
8	0.0024	1.3873799999999679
9	0.0008	1.3873799999999679
