pontuacao	frequencia	media
-10	0.0002	-1.067039999999999
-9	0.0002	-1.067039999999999
-8	0.0008	-1.067039999999999
-7	0.0032	-1.067039999999999
-6	0.0072	-1.067039999999999
-5	0.015	-1.067039999999999
-4	0.0382	-1.067039999999999
-3	0.0672	-1.067039999999999
-2	0.137	-1.067039999999999
-1	0.184	-1.067039999999999
0	0.2768	-1.067039999999999
1	0.1902	-1.067039999999999
2	0.0662	-1.067039999999999
3	0.0128	-1.067039999999999
