pontuacao	frequencia	media
-10	0.0004	-1.1043800000000052
-9	0.0004	-1.1043800000000052
-8	0.0008	-1.1043800000000052
-7	0.0012	-1.1043800000000052
-6	0.0078	-1.1043800000000052
-5	0.0118	-1.1043800000000052
-4	0.0342	-1.1043800000000052
-3	0.0504	-1.1043800000000052
-2	0.1584	-1.1043800000000052
-1	0.1722	-1.1043800000000052
0	0.3316	-1.1043800000000052
1	0.1852	-1.1043800000000052
2	0.0424	-1.1043800000000052
3	0.0028	-1.1043800000000052
4	0.0002	-1.1043800000000052
