pontuacao	frequencia	media
-3	0.0002	-0.2987199999999878
-2	0.0054	-0.2987199999999878
-1	0.1166	-0.2987199999999878
0	0.6702	-0.2987199999999878
1	0.2014	-0.2987199999999878
2	0.0058	-0.2987199999999878
