pontuacao	frequencia	media
-2	0.0024	1.9004599999999816
-1	0.0374	1.9004599999999816
0	0.1344	1.9004599999999816
1	0.1798	1.9004599999999816
2	0.2218	1.9004599999999816
3	0.1664	1.9004599999999816
4	0.1174	1.9004599999999816
5	0.0752	1.9004599999999816
6	0.0408	1.9004599999999816
7	0.0146	1.9004599999999816
8	0.006	1.9004599999999816
9	0.0024	1.9004599999999816
