pontuacao	frequencia	media
-3	0.0012	0.38992000000000887
-2	0.0224	0.38992000000000887
-1	0.122	0.38992000000000887
0	0.2718	0.38992000000000887
1	0.2972	0.38992000000000887
2	0.1812	0.38992000000000887
3	0.0744	0.38992000000000887
4	0.023	0.38992000000000887
5	0.0046	0.38992000000000887
6	0.0014	0.38992000000000887
