pontuacao	frequencia	media
-2	0.0058	2.312919999999993
-1	0.0296	2.312919999999993
0	0.1002	2.312919999999993
1	0.1696	2.312919999999993
2	0.1834	2.312919999999993
3	0.1726	2.312919999999993
4	0.1408	2.312919999999993
5	0.0918	2.312919999999993
6	0.0542	2.312919999999993
7	0.027	2.312919999999993
8	0.0148	2.312919999999993
9	0.0058	2.312919999999993
10	0.0026	2.312919999999993
11	0.0016	2.312919999999993
12	0.0	2.312919999999993
