pontuacao	frequencia	media
-5	0.0004	-0.15676
-4	0.002	-0.15676
-3	0.0242	-0.15676
-2	0.0992	-0.15676
-1	0.217	-0.15676
0	0.246	-0.15676
1	0.1912	-0.15676
2	0.1208	-0.15676
3	0.0532	-0.15676
4	0.03	-0.15676
5	0.0106	-0.15676
6	0.0038	-0.15676
7	0.0008	-0.15676
8	0.0006	-0.15676
