pontuacao	frequencia	media
-3	0.0004	0.8669799999999919
-2	0.0086	0.8669799999999919
-1	0.0918	0.8669799999999919
0	0.2786	0.8669799999999919
1	0.2104	0.8669799999999919
2	0.1944	0.8669799999999919
3	0.1062	0.8669799999999919
4	0.0658	0.8669799999999919
5	0.0222	0.8669799999999919
6	0.0116	0.8669799999999919
7	0.0078	0.8669799999999919
8	0.0018	0.8669799999999919
