pontuacao	frequencia	media
-3	0.0002	-0.04472000000000131
-2	0.004	-0.04472000000000131
-1	0.0796	-0.04472000000000131
0	0.5192	-0.04472000000000131
1	0.3512	-0.04472000000000131
2	0.0436	-0.04472000000000131
