pontuacao	frequencia	media
-1	0.0118	2.1530400000000007
0	0.1282	2.1530400000000007
1	0.1698	2.1530400000000007
2	0.213	2.1530400000000007
3	0.1762	2.1530400000000007
4	0.1362	2.1530400000000007
5	0.0814	2.1530400000000007
6	0.048	2.1530400000000007
7	0.0188	2.1530400000000007
8	0.0092	2.1530400000000007
9	0.0044	2.1530400000000007
10	0.0018	2.1530400000000007
11	0.0006	2.1530400000000007
12	0.0002	2.1530400000000007
