pontuacao	frequencia	media
-2	0.0004	1.6560799999999398
-1	0.012	1.6560799999999398
0	0.1414	1.6560799999999398
1	0.2644	1.6560799999999398
2	0.237	1.6560799999999398
3	0.1654	1.6560799999999398
4	0.1014	1.6560799999999398
5	0.047	1.6560799999999398
6	0.0206	1.6560799999999398
7	0.0074	1.6560799999999398
8	0.0024	1.6560799999999398
9	0.0004	1.6560799999999398
