pontuacao	frequencia	media
-6	0.0004	0.6594999999999993
-5	0.0026	0.6594999999999993
-4	0.0082	0.6594999999999993
-3	0.0222	0.6594999999999993
-2	0.0578	0.6594999999999993
-1	0.1304	0.6594999999999993
0	0.1892	0.6594999999999993
1	0.1896	0.6594999999999993
2	0.159	0.6594999999999993
3	0.1124	0.6594999999999993
4	0.0644	0.6594999999999993
5	0.0328	0.6594999999999993
6	0.0162	0.6594999999999993
7	0.009	0.6594999999999993
8	0.004	0.6594999999999993
9	0.0012	0.6594999999999993
