pontuacao	frequencia	media
1	0.0	1.680959999999945
2	0.371	1.680959999999945
3	0.0	1.680959999999945
4	0.181	1.680959999999945
5	0.0	1.680959999999945
6	0.0598	1.680959999999945
7	0.0126	1.680959999999945
8	0.0	1.680959999999945
9	0.004	1.680959999999945
10	0.0	1.680959999999945
