pontuacao	frequencia	media
-2	0.0034	0.5294399999999991
-1	0.0698	0.5294399999999991
0	0.4122	0.5294399999999991
1	0.1918	0.5294399999999991
2	0.198	0.5294399999999991
3	0.0674	0.5294399999999991
4	0.0428	0.5294399999999991
5	0.009	0.5294399999999991
6	0.0048	0.5294399999999991
7	0.0004	0.5294399999999991
8	0.0002	0.5294399999999991
