pontuacao	frequencia	media
1	0.1366	2.7417800000000474
2	0.1976	2.7417800000000474
3	0.1598	2.7417800000000474
4	0.1396	2.7417800000000474
5	0.098	2.7417800000000474
6	0.0636	2.7417800000000474
7	0.0456	2.7417800000000474
8	0.0186	2.7417800000000474
9	0.0074	2.7417800000000474
10	0.0034	2.7417800000000474
11	0.0008	2.7417800000000474
12	0.0008	2.7417800000000474
