pontuacao	frequencia	media
1	0.3738	0.6978999999999868
2	0.1834	0.6978999999999868
3	0.0736	0.6978999999999868
4	0.0036	0.6978999999999868
