pontuacao	frequencia	media
-2	0.0008	1.1587199999999596
-1	0.025	1.1587199999999596
0	0.218	1.1587199999999596
1	0.29	1.1587199999999596
2	0.227	1.1587199999999596
3	0.1378	1.1587199999999596
4	0.0642	1.1587199999999596
5	0.0256	1.1587199999999596
6	0.0068	1.1587199999999596
7	0.0032	1.1587199999999596
