pontuacao	frequencia	media
-2	0.0006	1.9377999999999806
-1	0.0218	1.9377999999999806
0	0.135	1.9377999999999806
1	0.2016	1.9377999999999806
2	0.2148	1.9377999999999806
3	0.1714	1.9377999999999806
4	0.1206	1.9377999999999806
5	0.0668	1.9377999999999806
6	0.0376	1.9377999999999806
7	0.0176	1.9377999999999806
8	0.0068	1.9377999999999806
9	0.0036	1.9377999999999806
10	0.001	1.9377999999999806
11	0.0004	1.9377999999999806
12	0.0	1.9377999999999806
13	0.0002	1.9377999999999806
