pontuacao	frequencia	media
-4	0.0002	0.6213200000000001
-3	0.0052	0.6213200000000001
-2	0.0242	0.6213200000000001
-1	0.1002	0.6213200000000001
0	0.221	0.6213200000000001
1	0.2662	0.6213200000000001
2	0.2226	0.6213200000000001
3	0.1088	0.6213200000000001
4	0.038	0.6213200000000001
5	0.0114	0.6213200000000001
