pontuacao	frequencia	media
1	0.0896	3.6947400000001123
2	0.138	3.6947400000001123
3	0.1822	3.6947400000001123
4	0.1806	3.6947400000001123
5	0.1514	3.6947400000001123
6	0.1092	3.6947400000001123
7	0.0594	3.6947400000001123
8	0.0362	3.6947400000001123
9	0.0198	3.6947400000001123
10	0.0088	3.6947400000001123
11	0.0032	3.6947400000001123
12	0.0016	3.6947400000001123
13	0.0008	3.6947400000001123
