pontuacao	frequencia	media
-1	0.0096	2.381000000000005
0	0.0968	2.381000000000005
1	0.1672	2.381000000000005
2	0.2126	2.381000000000005
3	0.1826	2.381000000000005
4	0.1386	2.381000000000005
5	0.0914	2.381000000000005
6	0.0488	2.381000000000005
7	0.0302	2.381000000000005
8	0.0134	2.381000000000005
9	0.0046	2.381000000000005
10	0.0018	2.381000000000005
11	0.0018	2.381000000000005
12	0.0	2.381000000000005
13	0.0002	2.381000000000005
