pontuacao	frequencia	media
-7	0.0002	0.6561399999999967
-6	0.0004	0.6561399999999967
-5	0.0016	0.6561399999999967
-4	0.0056	0.6561399999999967
-3	0.0132	0.6561399999999967
-2	0.0404	0.6561399999999967
-1	0.0804	0.6561399999999967
0	0.1906	0.6561399999999967
1	0.2594	0.6561399999999967
2	0.2254	0.6561399999999967
3	0.123	0.6561399999999967
4	0.0444	0.6561399999999967
5	0.0124	0.6561399999999967
6	0.0026	0.6561399999999967
