pontuacao	frequencia	media
-2	0.0012	1.7757799999999804
-1	0.031	1.7757799999999804
0	0.1318	1.7757799999999804
1	0.2194	1.7757799999999804
2	0.2176	1.7757799999999804
3	0.1742	1.7757799999999804
4	0.111	1.7757799999999804
5	0.0636	1.7757799999999804
6	0.03	1.7757799999999804
7	0.0124	1.7757799999999804
8	0.005	1.7757799999999804
9	0.0016	1.7757799999999804
10	0.001	1.7757799999999804
