pontuacao	frequencia	media
-2	0.0002	1.4956599999999838
-1	0.0108	1.4956599999999838
0	0.1742	1.4956599999999838
1	0.2556	1.4956599999999838
2	0.2344	1.4956599999999838
3	0.1626	1.4956599999999838
4	0.0884	1.4956599999999838
5	0.046	1.4956599999999838
6	0.0172	1.4956599999999838
7	0.0072	1.4956599999999838
8	0.0028	1.4956599999999838
9	0.0004	1.4956599999999838
10	0.0	1.4956599999999838
