pontuacao	frequencia	media
-2	0.0068	1.0598799999999748
-1	0.0628	1.0598799999999748
0	0.2102	1.0598799999999748
1	0.2636	1.0598799999999748
2	0.2166	1.0598799999999748
3	0.1286	1.0598799999999748
4	0.0658	1.0598799999999748
5	0.031	1.0598799999999748
6	0.0106	1.0598799999999748
7	0.003	1.0598799999999748
8	0.0004	1.0598799999999748
