pontuacao	frequencia	media
-4	0.0004	0.005020000000000427
-3	0.0076	0.005020000000000427
-2	0.052	0.005020000000000427
-1	0.2068	0.005020000000000427
0	0.3012	0.005020000000000427
1	0.2128	0.005020000000000427
2	0.1276	0.005020000000000427
3	0.0562	0.005020000000000427
4	0.0248	0.005020000000000427
5	0.0066	0.005020000000000427
6	0.0024	0.005020000000000427
7	0.0014	0.005020000000000427
