pontuacao	frequencia	media
-4	0.0004	1.4359000000000088
-3	0.0068	1.4359000000000088
-2	0.0326	1.4359000000000088
-1	0.0948	1.4359000000000088
0	0.1528	1.4359000000000088
1	0.1846	1.4359000000000088
2	0.17	1.4359000000000088
3	0.1396	1.4359000000000088
4	0.0884	1.4359000000000088
5	0.0616	1.4359000000000088
6	0.0352	1.4359000000000088
7	0.0176	1.4359000000000088
8	0.01	1.4359000000000088
9	0.003	1.4359000000000088
10	0.0022	1.4359000000000088
