pontuacao	frequencia	media
-2	0.0064	1.425720000000005
-1	0.0638	1.425720000000005
0	0.1752	1.425720000000005
1	0.2146	1.425720000000005
2	0.2038	1.425720000000005
3	0.1506	1.425720000000005
4	0.098	1.425720000000005
5	0.047	1.425720000000005
6	0.0252	1.425720000000005
7	0.0114	1.425720000000005
8	0.0026	1.425720000000005
