pontuacao	frequencia	media
-7	0.0008	-0.5351200000000034
-6	0.0038	-0.5351200000000034
-5	0.0044	-0.5351200000000034
-4	0.026	-0.5351200000000034
-3	0.0276	-0.5351200000000034
-2	0.1532	-0.5351200000000034
-1	0.0888	-0.5351200000000034
0	0.4848	-0.5351200000000034
1	0.0434	-0.5351200000000034
2	0.1362	-0.5351200000000034
3	0.0146	-0.5351200000000034
4	0.0134	-0.5351200000000034
5	0.0022	-0.5351200000000034
6	0.0006	-0.5351200000000034
