pontuacao	frequencia	media
-2	0.0038	1.0440799999999846
-1	0.063	1.0440799999999846
0	0.2856	1.0440799999999846
1	0.1762	1.0440799999999846
2	0.2294	1.0440799999999846
3	0.1066	1.0440799999999846
4	0.0844	1.0440799999999846
5	0.0266	1.0440799999999846
6	0.0168	1.0440799999999846
7	0.0052	1.0440799999999846
8	0.0014	1.0440799999999846
9	0.0008	1.0440799999999846
