pontuacao	frequencia	media
-3	0.0006	0.19270000000000437
-2	0.0192	0.19270000000000437
-1	0.1682	0.19270000000000437
0	0.431	0.19270000000000437
1	0.1224	0.19270000000000437
2	0.1802	0.19270000000000437
3	0.0384	0.19270000000000437
4	0.0262	0.19270000000000437
5	0.0094	0.19270000000000437
6	0.0026	0.19270000000000437
7	0.0014	0.19270000000000437
8	0.0	0.19270000000000437
