pontuacao	frequencia	media
-13	0.0002	-2.762839999999949
-12	0.0008	-2.762839999999949
-11	0.001	-2.762839999999949
-10	0.0024	-2.762839999999949
-9	0.0046	-2.762839999999949
-8	0.0112	-2.762839999999949
-7	0.021	-2.762839999999949
-6	0.0478	-2.762839999999949
-5	0.059	-2.762839999999949
-4	0.1258	-2.762839999999949
-3	0.1172	-2.762839999999949
-2	0.2488	-2.762839999999949
-1	0.1142	-2.762839999999949
