pontuacao	frequencia	media
-2	0.0006	2.1401999999999943
-1	0.0146	2.1401999999999943
0	0.0988	2.1401999999999943
1	0.1864	2.1401999999999943
2	0.2218	2.1401999999999943
3	0.202	2.1401999999999943
4	0.127	2.1401999999999943
5	0.0806	2.1401999999999943
6	0.0384	2.1401999999999943
7	0.0196	2.1401999999999943
8	0.0062	2.1401999999999943
9	0.002	2.1401999999999943
10	0.0014	2.1401999999999943
11	0.0002	2.1401999999999943
12	0.0002	2.1401999999999943
