pontuacao	frequencia	media
-1	0.0022	3.084400000000005
0	0.1332	3.084400000000005
1	0.0222	3.084400000000005
2	0.2492	3.084400000000005
3	0.0736	3.084400000000005
4	0.2026	3.084400000000005
5	0.113	3.084400000000005
6	0.0754	3.084400000000005
7	0.0766	3.084400000000005
8	0.009	3.084400000000005
9	0.0272	3.084400000000005
10	0.0072	3.084400000000005
11	0.005	3.084400000000005
12	0.002	3.084400000000005
13	0.0008	3.084400000000005
14	0.0004	3.084400000000005
15	0.0002	3.084400000000005
