pontuacao	frequencia	media
-1	0.0082	1.3695999999999608
0	0.3754	1.3695999999999608
1	0.0248	1.3695999999999608
2	0.3326	1.3695999999999608
3	0.0496	1.3695999999999608
4	0.1316	1.3695999999999608
5	0.0362	1.3695999999999608
6	0.0228	1.3695999999999608
7	0.0134	1.3695999999999608
8	0.002	1.3695999999999608
9	0.0024	1.3695999999999608
10	0.0008	1.3695999999999608
