pontuacao	frequencia	media
-4	0.0014	-0.2565400000000009
-3	0.017	-0.2565400000000009
-2	0.0976	-0.2565400000000009
-1	0.2354	-0.2565400000000009
0	0.2674	-0.2565400000000009
1	0.1956	-0.2565400000000009
2	0.1064	-0.2565400000000009
3	0.0506	-0.2565400000000009
4	0.0184	-0.2565400000000009
5	0.0068	-0.2565400000000009
6	0.0026	-0.2565400000000009
7	0.0004	-0.2565400000000009
