pontuacao	frequencia	media
-13	0.0002	-3.3040199999999205
-12	0.001	-3.3040199999999205
-11	0.0012	-3.3040199999999205
-10	0.0048	-3.3040199999999205
-9	0.0086	-3.3040199999999205
-8	0.0142	-3.3040199999999205
-7	0.0324	-3.3040199999999205
-6	0.0566	-3.3040199999999205
-5	0.0968	-3.3040199999999205
-4	0.1278	-3.3040199999999205
-3	0.1732	-3.3040199999999205
-2	0.1876	-3.3040199999999205
-1	0.172	-3.3040199999999205
