pontuacao	frequencia	media
-6	0.0004	0.4355200000000018
-5	0.001	0.4355200000000018
-4	0.0056	0.4355200000000018
-3	0.0168	0.4355200000000018
-2	0.0464	0.4355200000000018
-1	0.12	0.4355200000000018
0	0.2326	0.4355200000000018
1	0.2326	0.4355200000000018
2	0.182	0.4355200000000018
3	0.0932	0.4355200000000018
4	0.0426	0.4355200000000018
5	0.0178	0.4355200000000018
6	0.0066	0.4355200000000018
7	0.0022	0.4355200000000018
