pontuacao	frequencia	media
-13	0.0004	-2.797459999999966
-12	0.0006	-2.797459999999966
-11	0.0006	-2.797459999999966
-10	0.0034	-2.797459999999966
-9	0.0068	-2.797459999999966
-8	0.0106	-2.797459999999966
-7	0.0234	-2.797459999999966
-6	0.047	-2.797459999999966
-5	0.0626	-2.797459999999966
-4	0.1202	-2.797459999999966
-3	0.1142	-2.797459999999966
-2	0.2518	-2.797459999999966
-1	0.1248	-2.797459999999966
