pontuacao	frequencia	media
-2	0.0012	0.6165599999999929
-1	0.0284	0.6165599999999929
0	0.2818	0.6165599999999929
1	0.3952	0.6165599999999929
2	0.218	0.6165599999999929
3	0.063	0.6165599999999929
4	0.0106	0.6165599999999929
5	0.0014	0.6165599999999929
