pontuacao	frequencia	media
1	0.0	1.6789199999999467
2	0.364	1.6789199999999467
3	0.0	1.6789199999999467
4	0.1784	1.6789199999999467
5	0.0	1.6789199999999467
6	0.0618	1.6789199999999467
7	0.0148	1.6789199999999467
8	0.0	1.6789199999999467
9	0.0042	1.6789199999999467
10	0.0	1.6789199999999467
