pontuacao	frequencia	media
-1	0.0018	0.3492200000000105
0	0.6046	0.3492200000000105
1	0.3078	0.3492200000000105
2	0.0704	0.3492200000000105
3	0.0136	0.3492200000000105
4	0.0014	0.3492200000000105
