pontuacao	frequencia	media
-6	0.0004	-1.6139000000000399
-5	0.0012	-1.6139000000000399
-4	0.0064	-1.6139000000000399
-3	0.0656	-1.6139000000000399
-2	0.2344	-1.6139000000000399
-1	0.4586	-1.6139000000000399
