pontuacao	frequencia	media
-5	0.0002	-0.29782000000000025
-4	0.0042	-0.29782000000000025
-3	0.0242	-0.29782000000000025
-2	0.1124	-0.29782000000000025
-1	0.2242	-0.29782000000000025
0	0.2548	-0.29782000000000025
1	0.1886	-0.29782000000000025
2	0.112	-0.29782000000000025
3	0.0448	-0.29782000000000025
4	0.0234	-0.29782000000000025
5	0.0074	-0.29782000000000025
6	0.0024	-0.29782000000000025
7	0.0012	-0.29782000000000025
