pontuacao	frequencia	media
-3	0.0002	-0.39363999999998456
-2	0.016	-0.39363999999998456
-1	0.173	-0.39363999999998456
0	0.5886	-0.39363999999998456
1	0.2094	-0.39363999999998456
2	0.0118	-0.39363999999998456
