pontuacao	frequencia	media
-2	0.0086	-0.5055999999999966
-1	0.1822	-0.5055999999999966
0	0.7104	-0.5055999999999966
1	0.0982	-0.5055999999999966
