pontuacao	frequencia	media
-3	0.0006	2.273799999999998
-2	0.008	2.273799999999998
-1	0.0348	2.273799999999998
0	0.0974	2.273799999999998
1	0.171	2.273799999999998
2	0.1802	2.273799999999998
3	0.1716	2.273799999999998
4	0.1376	2.273799999999998
5	0.094	2.273799999999998
6	0.0528	2.273799999999998
7	0.0278	2.273799999999998
8	0.0146	2.273799999999998
9	0.0054	2.273799999999998
10	0.0026	2.273799999999998
11	0.0012	2.273799999999998
