pontuacao	frequencia	media
-6	0.0004	-2.1900400000000007
-5	0.0048	-2.1900400000000007
-4	0.034	-2.1900400000000007
-3	0.162	-2.1900400000000007
-2	0.367	-2.1900400000000007
-1	0.3508	-2.1900400000000007
