pontuacao	frequencia	media
-2	0.003	3.894019999999976
-1	0.0112	3.894019999999976
0	0.0408	3.894019999999976
1	0.082	3.894019999999976
2	0.126	3.894019999999976
3	0.1492	3.894019999999976
4	0.1532	3.894019999999976
5	0.1322	3.894019999999976
6	0.0976	3.894019999999976
7	0.0764	3.894019999999976
8	0.0542	3.894019999999976
9	0.035	3.894019999999976
10	0.016	3.894019999999976
11	0.0128	3.894019999999976
12	0.0052	3.894019999999976
13	0.0032	3.894019999999976
14	0.0014	3.894019999999976
