pontuacao	frequencia	media
-1	0.007	0.19594000000000442
0	0.4694	0.19594000000000442
1	0.4552	0.19594000000000442
2	0.0654	0.19594000000000442
3	0.0028	0.19594000000000442
