pontuacao	frequencia	media
-7	0.0006	-0.7191600000000142
-6	0.0016	-0.7191600000000142
-5	0.0072	-0.7191600000000142
-4	0.0184	-0.7191600000000142
-3	0.041	-0.7191600000000142
-2	0.1172	-0.7191600000000142
-1	0.2054	-0.7191600000000142
0	0.3408	-0.7191600000000142
1	0.2012	-0.7191600000000142
2	0.0534	-0.7191600000000142
3	0.0124	-0.7191600000000142
