pontuacao	frequencia	media
1	0.1296	2.660920000000014
2	0.2066	2.660920000000014
3	0.2194	2.660920000000014
4	0.181	2.660920000000014
5	0.1078	2.660920000000014
6	0.059	2.660920000000014
7	0.0232	2.660920000000014
8	0.0098	2.660920000000014
9	0.0036	2.660920000000014
10	0.0014	2.660920000000014
