pontuacao	frequencia	media
1	0.1066	3.0796600000000107
2	0.1388	3.0796600000000107
3	0.191	3.0796600000000107
4	0.2142	3.0796600000000107
5	0.1486	3.0796600000000107
6	0.0728	3.0796600000000107
7	0.0414	3.0796600000000107
8	0.02	3.0796600000000107
9	0.0112	3.0796600000000107
10	0.0018	3.0796600000000107
11	0.0018	3.0796600000000107
