pontuacao	frequencia	media
-4	0.0014	-0.23357999999999973
-3	0.0182	-0.23357999999999973
-2	0.0978	-0.23357999999999973
-1	0.2234	-0.23357999999999973
0	0.2742	-0.23357999999999973
1	0.1926	-0.23357999999999973
2	0.1104	-0.23357999999999973
3	0.0498	-0.23357999999999973
4	0.0198	-0.23357999999999973
5	0.008	-0.23357999999999973
6	0.0036	-0.23357999999999973
7	0.0006	-0.23357999999999973
