pontuacao	frequencia	media
-3	0.0004	2.397640000000008
-2	0.003	2.397640000000008
-1	0.0274	2.397640000000008
0	0.0958	2.397640000000008
1	0.164	2.397640000000008
2	0.192	2.397640000000008
3	0.176	2.397640000000008
4	0.1228	2.397640000000008
5	0.1038	2.397640000000008
6	0.057	2.397640000000008
7	0.0294	2.397640000000008
8	0.0158	2.397640000000008
9	0.008	2.397640000000008
10	0.0038	2.397640000000008
11	0.0006	2.397640000000008
12	0.0	2.397640000000008
13	0.0	2.397640000000008
