pontuacao	frequencia	media
-3	0.0006	2.21931999999999
-2	0.0108	2.21931999999999
-1	0.0468	2.21931999999999
0	0.118	2.21931999999999
1	0.1586	2.21931999999999
2	0.1882	2.21931999999999
3	0.1534	2.21931999999999
4	0.122	2.21931999999999
5	0.0862	2.21931999999999
6	0.048	2.21931999999999
7	0.0334	2.21931999999999
8	0.017	2.21931999999999
9	0.009	2.21931999999999
10	0.004	2.21931999999999
11	0.0028	2.21931999999999
12	0.0008	2.21931999999999
13	0.0002	2.21931999999999
