pontuacao	frequencia	media
-1	0.0022	2.419080000000002
0	0.1282	2.419080000000002
1	0.1388	2.419080000000002
2	0.2108	2.419080000000002
3	0.1662	2.419080000000002
4	0.1456	2.419080000000002
5	0.102	2.419080000000002
6	0.0552	2.419080000000002
7	0.0266	2.419080000000002
8	0.014	2.419080000000002
9	0.0068	2.419080000000002
10	0.0024	2.419080000000002
11	0.001	2.419080000000002
