pontuacao	frequencia	media
1	0.0	1.7098599999999446
2	0.3684	1.7098599999999446
3	0.0	1.7098599999999446
4	0.1814	1.7098599999999446
5	0.0	1.7098599999999446
6	0.0638	1.7098599999999446
7	0.0154	1.7098599999999446
8	0.0	1.7098599999999446
9	0.0028	1.7098599999999446
10	0.0	1.7098599999999446
11	0.0008	1.7098599999999446
