pontuacao	frequencia	media
-3	0.0008	1.5721400000000039
-2	0.011	1.5721400000000039
-1	0.0598	1.5721400000000039
0	0.1616	1.5721400000000039
1	0.1982	1.5721400000000039
2	0.1952	1.5721400000000039
3	0.16	1.5721400000000039
4	0.1068	1.5721400000000039
5	0.0562	1.5721400000000039
6	0.0296	1.5721400000000039
7	0.0136	1.5721400000000039
8	0.0048	1.5721400000000039
9	0.002	1.5721400000000039
10	0.0002	1.5721400000000039
