pontuacao	frequencia	media
-6	0.0002	-1.7844000000000404
-5	0.0012	-1.7844000000000404
-4	0.0138	-1.7844000000000404
-3	0.0936	-1.7844000000000404
-2	0.3064	-1.7844000000000404
-1	0.4192	-1.7844000000000404
