pontuacao	frequencia	media
-4	0.0006	0.7776599999999991
-3	0.0046	0.7776599999999991
-2	0.0294	0.7776599999999991
-1	0.1122	0.7776599999999991
0	0.2078	0.7776599999999991
1	0.237	0.7776599999999991
2	0.1914	0.7776599999999991
3	0.1166	0.7776599999999991
4	0.0614	0.7776599999999991
5	0.0232	0.7776599999999991
6	0.0108	0.7776599999999991
7	0.0024	0.7776599999999991
8	0.0016	0.7776599999999991
9	0.0004	0.7776599999999991
