pontuacao	frequencia	media
1	0.2034	2.2400800000000114
2	0.1654	2.2400800000000114
3	0.2036	2.2400800000000114
4	0.1628	2.2400800000000114
5	0.0494	2.2400800000000114
6	0.0468	2.2400800000000114
7	0.0244	2.2400800000000114
8	0.0114	2.2400800000000114
9	0.0038	2.2400800000000114
10	0.0006	2.2400800000000114
11	0.0	2.2400800000000114
