pontuacao	frequencia	media
-10	0.0004	-0.8607800000000027
-9	0.0	-0.8607800000000027
-8	0.0002	-0.8607800000000027
-7	0.0018	-0.8607800000000027
-6	0.0052	-0.8607800000000027
-5	0.0138	-0.8607800000000027
-4	0.0328	-0.8607800000000027
-3	0.0672	-0.8607800000000027
-2	0.1266	-0.8607800000000027
-1	0.1842	-0.8607800000000027
0	0.2328	-0.8607800000000027
1	0.2114	-0.8607800000000027
2	0.0952	-0.8607800000000027
3	0.0252	-0.8607800000000027
