pontuacao	frequencia	media
-7	0.0006	-0.5937600000000041
-6	0.0022	-0.5937600000000041
-5	0.006	-0.5937600000000041
-4	0.0194	-0.5937600000000041
-3	0.0452	-0.5937600000000041
-2	0.1126	-0.5937600000000041
-1	0.1822	-0.5937600000000041
0	0.3038	-0.5937600000000041
1	0.212	-0.5937600000000041
2	0.091	-0.5937600000000041
3	0.0206	-0.5937600000000041
