pontuacao	frequencia	media
-3	0.002	2.483739999999998
-2	0.012	2.483739999999998
-1	0.0442	2.483739999999998
0	0.092	2.483739999999998
1	0.1384	2.483739999999998
2	0.1626	2.483739999999998
3	0.1684	2.483739999999998
4	0.14	2.483739999999998
5	0.0968	2.483739999999998
6	0.065	2.483739999999998
7	0.04	2.483739999999998
8	0.0202	2.483739999999998
9	0.0098	2.483739999999998
10	0.0048	2.483739999999998
11	0.0024	2.483739999999998
