pontuacao	frequencia	media
-3	0.002	0.21092000000000166
-2	0.0196	0.21092000000000166
-1	0.1616	0.21092000000000166
0	0.364	0.21092000000000166
1	0.1882	0.21092000000000166
2	0.1636	0.21092000000000166
3	0.056	0.21092000000000166
4	0.035	0.21092000000000166
5	0.006	0.21092000000000166
6	0.003	0.21092000000000166
7	0.0008	0.21092000000000166
