pontuacao	frequencia	media
-4	0.0006	-1.0930000000000224
-3	0.007	-1.0930000000000224
-2	0.0934	-1.0930000000000224
-1	0.4302	-1.0930000000000224
