pontuacao	frequencia	media
-10	0.0002	-0.3718400000000016
-9	0.0	-0.3718400000000016
-8	0.0	-0.3718400000000016
-7	0.0002	-0.3718400000000016
-6	0.0018	-0.3718400000000016
-5	0.0048	-0.3718400000000016
-4	0.0142	-0.3718400000000016
-3	0.039	-0.3718400000000016
-2	0.0964	-0.3718400000000016
-1	0.1844	-0.3718400000000016
0	0.2608	-0.3718400000000016
1	0.2124	-0.3718400000000016
2	0.1146	-0.3718400000000016
3	0.0522	-0.3718400000000016
4	0.0148	-0.3718400000000016
5	0.0032	-0.3718400000000016
