pontuacao	frequencia	media
-3	0.0022	0.8320999999999998
-2	0.022	0.8320999999999998
-1	0.0978	0.8320999999999998
0	0.2126	0.8320999999999998
1	0.2486	0.8320999999999998
2	0.2032	0.8320999999999998
3	0.1192	0.8320999999999998
4	0.0578	0.8320999999999998
5	0.0272	0.8320999999999998
6	0.0052	0.8320999999999998
7	0.0032	0.8320999999999998
8	0.0006	0.8320999999999998
9	0.0002	0.8320999999999998
