pontuacao	frequencia	media
-3	0.0002	1.3143799999999535
-2	0.0016	1.3143799999999535
-1	0.021	1.3143799999999535
0	0.1222	1.3143799999999535
1	0.2922	1.3143799999999535
2	0.3056	1.3143799999999535
3	0.179	1.3143799999999535
4	0.0602	1.3143799999999535
5	0.015	1.3143799999999535
6	0.0024	1.3143799999999535
7	0.0002	1.3143799999999535
