pontuacao	frequencia	media
-4	0.0002	-0.5698400000000003
-3	0.0028	-0.5698400000000003
-2	0.052	-0.5698400000000003
-1	0.2658	-0.5698400000000003
0	0.4438	-0.5698400000000003
1	0.1958	-0.5698400000000003
2	0.0358	-0.5698400000000003
