pontuacao	frequencia	media
-5	0.0002	0.282899999999999
-4	0.002	0.282899999999999
-3	0.0216	0.282899999999999
-2	0.0892	0.282899999999999
-1	0.1702	0.282899999999999
0	0.2074	0.282899999999999
1	0.1894	0.282899999999999
2	0.14	0.282899999999999
3	0.0914	0.282899999999999
4	0.0492	0.282899999999999
5	0.0208	0.282899999999999
6	0.011	0.282899999999999
7	0.0044	0.282899999999999
8	0.0018	0.282899999999999
9	0.001	0.282899999999999
10	0.0002	0.282899999999999
