pontuacao	frequencia	media
-4	0.0002	-0.10834000000000196
-3	0.0022	-0.10834000000000196
-2	0.0294	-0.10834000000000196
-1	0.1842	-0.10834000000000196
0	0.3764	-0.10834000000000196
1	0.2726	-0.10834000000000196
2	0.1044	-0.10834000000000196
3	0.0266	-0.10834000000000196
4	0.0036	-0.10834000000000196
