pontuacao	frequencia	media
1	0.0	1.7020399999999445
2	0.3722	1.7020399999999445
3	0.0	1.7020399999999445
4	0.1884	1.7020399999999445
5	0.0	1.7020399999999445
6	0.059	1.7020399999999445
7	0.0142	1.7020399999999445
8	0.0	1.7020399999999445
9	0.0032	1.7020399999999445
10	0.0	1.7020399999999445
