pontuacao	frequencia	media
-9	0.0002	-0.9759000000000273
-8	0.0006	-0.9759000000000273
-7	0.0032	-0.9759000000000273
-6	0.0066	-0.9759000000000273
-5	0.019	-0.9759000000000273
-4	0.0436	-0.9759000000000273
-3	0.0684	-0.9759000000000273
-2	0.1498	-0.9759000000000273
-1	0.1694	-0.9759000000000273
0	0.2952	-0.9759000000000273
1	0.0922	-0.9759000000000273
2	0.107	-0.9759000000000273
3	0.0266	-0.9759000000000273
4	0.0122	-0.9759000000000273
5	0.0042	-0.9759000000000273
6	0.0012	-0.9759000000000273
