pontuacao	frequencia	media
-1	0.004	2.852080000000003
0	0.0684	2.852080000000003
1	0.1314	2.852080000000003
2	0.1806	2.852080000000003
3	0.1866	2.852080000000003
4	0.1632	2.852080000000003
5	0.1126	2.852080000000003
6	0.0702	2.852080000000003
7	0.0416	2.852080000000003
8	0.0252	2.852080000000003
9	0.0098	2.852080000000003
10	0.0046	2.852080000000003
11	0.0008	2.852080000000003
12	0.0002	2.852080000000003
13	0.0006	2.852080000000003
