pontuacao	frequencia	media
-8	0.0008	-1.1500400000000157
-7	0.0	-1.1500400000000157
-6	0.0034	-1.1500400000000157
-5	0.012	-1.1500400000000157
-4	0.0408	-1.1500400000000157
-3	0.0938	-1.1500400000000157
-2	0.1636	-1.1500400000000157
-1	0.2356	-1.1500400000000157
0	0.2138	-1.1500400000000157
1	0.1244	-1.1500400000000157
2	0.071	-1.1500400000000157
3	0.0276	-1.1500400000000157
4	0.0104	-1.1500400000000157
5	0.0022	-1.1500400000000157
6	0.0002	-1.1500400000000157
7	0.0002	-1.1500400000000157
