pontuacao	frequencia	media
-4	0.0008	0.9077599999999837
-3	0.0046	0.9077599999999837
-2	0.035	0.9077599999999837
-1	0.1316	0.9077599999999837
0	0.2024	0.9077599999999837
1	0.192	0.9077599999999837
2	0.174	0.9077599999999837
3	0.121	0.9077599999999837
4	0.0708	0.9077599999999837
5	0.0348	0.9077599999999837
6	0.0204	0.9077599999999837
7	0.0082	0.9077599999999837
8	0.003	0.9077599999999837
9	0.0008	0.9077599999999837
10	0.0004	0.9077599999999837
