pontuacao	frequencia	media
-4	0.0002	1.4214999999999633
-3	0.0026	1.4214999999999633
-2	0.0118	1.4214999999999633
-1	0.0618	1.4214999999999633
0	0.15	1.4214999999999633
1	0.2136	1.4214999999999633
2	0.2202	1.4214999999999633
3	0.1616	1.4214999999999633
4	0.1008	1.4214999999999633
5	0.047	1.4214999999999633
6	0.022	1.4214999999999633
7	0.0064	1.4214999999999633
8	0.0016	1.4214999999999633
9	0.0002	1.4214999999999633
