pontuacao	frequencia	media
-7	0.0006	-0.707760000000012
-6	0.0008	-0.707760000000012
-5	0.0046	-0.707760000000012
-4	0.0122	-0.707760000000012
-3	0.035	-0.707760000000012
-2	0.1064	-0.707760000000012
-1	0.204	-0.707760000000012
0	0.3944	-0.707760000000012
1	0.1946	-0.707760000000012
2	0.042	-0.707760000000012
3	0.005	-0.707760000000012
4	0.0002	-0.707760000000012
