pontuacao	frequencia	media
-4	0.0008	1.465240000000005
-3	0.004	1.465240000000005
-2	0.0268	1.465240000000005
-1	0.083	1.465240000000005
0	0.1488	1.465240000000005
1	0.188	1.465240000000005
2	0.1808	1.465240000000005
3	0.1528	1.465240000000005
4	0.1026	1.465240000000005
5	0.0552	1.465240000000005
6	0.0334	1.465240000000005
7	0.0146	1.465240000000005
8	0.0054	1.465240000000005
9	0.0016	1.465240000000005
10	0.0012	1.465240000000005
11	0.0006	1.465240000000005
