pontuacao	frequencia	media
-2	0.0012	2.975500000000015
-1	0.0126	2.975500000000015
0	0.0558	2.975500000000015
1	0.1222	2.975500000000015
2	0.168	2.975500000000015
3	0.1944	2.975500000000015
4	0.1528	2.975500000000015
5	0.1224	2.975500000000015
6	0.0786	2.975500000000015
7	0.0478	2.975500000000015
8	0.0246	2.975500000000015
9	0.0106	2.975500000000015
10	0.0062	2.975500000000015
11	0.0014	2.975500000000015
12	0.0012	2.975500000000015
13	0.0	2.975500000000015
