pontuacao	frequencia	media
-2	0.001	2.1730400000000056
-1	0.0172	2.1730400000000056
0	0.124	2.1730400000000056
1	0.1878	2.1730400000000056
2	0.192	2.1730400000000056
3	0.1944	2.1730400000000056
4	0.134	2.1730400000000056
5	0.066	2.1730400000000056
6	0.038	2.1730400000000056
7	0.0262	2.1730400000000056
8	0.0134	2.1730400000000056
9	0.0036	2.1730400000000056
10	0.0016	2.1730400000000056
11	0.0006	2.1730400000000056
12	0.0	2.1730400000000056
