pontuacao	frequencia	media
-2	0.0008	0.3556400000000143
-1	0.0462	0.3556400000000143
0	0.5442	0.3556400000000143
1	0.161	0.3556400000000143
2	0.174	0.3556400000000143
3	0.0386	0.3556400000000143
4	0.0294	0.3556400000000143
5	0.0032	0.3556400000000143
