pontuacao	frequencia	media
-2	0.001	0.004619999999999813
-1	0.0674	0.004619999999999813
0	0.7074	0.004619999999999813
1	0.0442	0.004619999999999813
2	0.1564	0.004619999999999813
3	0.0098	0.004619999999999813
4	0.0122	0.004619999999999813
5	0.0008	0.004619999999999813
