pontuacao	frequencia	media
-8	0.0004	-0.7869600000000032
-7	0.0008	-0.7869600000000032
-6	0.0028	-0.7869600000000032
-5	0.0096	-0.7869600000000032
-4	0.0218	-0.7869600000000032
-3	0.0592	-0.7869600000000032
-2	0.1442	-0.7869600000000032
-1	0.224	-0.7869600000000032
0	0.2428	-0.7869600000000032
1	0.156	-0.7869600000000032
2	0.0806	-0.7869600000000032
3	0.036	-0.7869600000000032
4	0.0148	-0.7869600000000032
5	0.0048	-0.7869600000000032
6	0.0018	-0.7869600000000032
