pontuacao	frequencia	media
-1	0.002	2.4194800000000085
0	0.1278	2.4194800000000085
1	0.1442	2.4194800000000085
2	0.2014	2.4194800000000085
3	0.1708	2.4194800000000085
4	0.1482	2.4194800000000085
5	0.0984	2.4194800000000085
6	0.054	2.4194800000000085
7	0.0294	2.4194800000000085
8	0.0148	2.4194800000000085
9	0.0042	2.4194800000000085
10	0.0028	2.4194800000000085
11	0.0012	2.4194800000000085
12	0.0006	2.4194800000000085
13	0.0	2.4194800000000085
