pontuacao	frequencia	media
-3	0.003	0.16146000000000194
-2	0.0284	0.16146000000000194
-1	0.1822	0.16146000000000194
0	0.342	0.16146000000000194
1	0.201	0.16146000000000194
2	0.149	0.16146000000000194
3	0.0528	0.16146000000000194
4	0.0286	0.16146000000000194
5	0.0076	0.16146000000000194
6	0.0042	0.16146000000000194
7	0.001	0.16146000000000194
8	0.0	0.16146000000000194
9	0.0	0.16146000000000194
10	0.0	0.16146000000000194
