pontuacao	frequencia	media
-5	0.0006	1.627159999999963
-4	0.0014	1.627159999999963
-3	0.0058	1.627159999999963
-2	0.02	1.627159999999963
-1	0.0546	1.627159999999963
0	0.1418	1.627159999999963
1	0.1886	1.627159999999963
2	0.1894	1.627159999999963
3	0.1722	1.627159999999963
4	0.1092	1.627159999999963
5	0.06	1.627159999999963
6	0.0328	1.627159999999963
7	0.0146	1.627159999999963
8	0.0052	1.627159999999963
9	0.0018	1.627159999999963
10	0.0018	1.627159999999963
