pontuacao	frequencia	media
-10	0.0002	-0.9595200000000265
-9	0.0004	-0.9595200000000265
-8	0.001	-0.9595200000000265
-7	0.0028	-0.9595200000000265
-6	0.0076	-0.9595200000000265
-5	0.0148	-0.9595200000000265
-4	0.034	-0.9595200000000265
-3	0.07	-0.9595200000000265
-2	0.1494	-0.9595200000000265
-1	0.173	-0.9595200000000265
0	0.275	-0.9595200000000265
1	0.1516	-0.9595200000000265
2	0.0824	-0.9595200000000265
3	0.0252	-0.9595200000000265
4	0.0094	-0.9595200000000265
5	0.0026	-0.9595200000000265
