pontuacao	frequencia	media
-4	0.0008	-0.05576000000000006
-3	0.0046	-0.05576000000000006
-2	0.0342	-0.05576000000000006
-1	0.1716	-0.05576000000000006
0	0.327	-0.05576000000000006
1	0.29	-0.05576000000000006
2	0.1386	-0.05576000000000006
3	0.0288	-0.05576000000000006
4	0.0042	-0.05576000000000006
