pontuacao	frequencia	media
-3	0.0002	-0.08498000000000201
-2	0.01	-0.08498000000000201
-1	0.1336	-0.08498000000000201
0	0.5094	-0.08498000000000201
1	0.311	-0.08498000000000201
2	0.0338	-0.08498000000000201
3	0.0018	-0.08498000000000201
