pontuacao	frequencia	media
-4	0.001	-1.1113600000000268
-3	0.0092	-1.1113600000000268
-2	0.0944	-1.1113600000000268
-1	0.4386	-1.1113600000000268
