pontuacao	frequencia	media
-3	0.0024	-0.51886
-2	0.039	-0.51886
-1	0.2568	-0.51886
0	0.457	-0.51886
1	0.2024	-0.51886
2	0.0384	-0.51886
3	0.0038	-0.51886
