pontuacao	frequencia	media
-5	0.002	-1.0715799999999964
-4	0.0156	-1.0715799999999964
-3	0.076	-1.0715799999999964
-2	0.1908	-1.0715799999999964
-1	0.2776	-1.0715799999999964
0	0.2188	-1.0715799999999964
1	0.1326	-1.0715799999999964
2	0.0552	-1.0715799999999964
3	0.0208	-1.0715799999999964
4	0.0066	-1.0715799999999964
5	0.0028	-1.0715799999999964
