pontuacao	frequencia	media
-2	0.0028	1.7356799999999497
-1	0.0376	1.7356799999999497
0	0.1872	1.7356799999999497
1	0.1612	1.7356799999999497
2	0.2264	1.7356799999999497
3	0.1686	1.7356799999999497
4	0.1112	1.7356799999999497
5	0.041	1.7356799999999497
6	0.0396	1.7356799999999497
7	0.0166	1.7356799999999497
8	0.0044	1.7356799999999497
9	0.0024	1.7356799999999497
10	0.0004	1.7356799999999497
11	0.0004	1.7356799999999497
