pontuacao	frequencia	media
-5	0.0002	0.09539999999999958
-4	0.0034	0.09539999999999958
-3	0.0154	0.09539999999999958
-2	0.0926	0.09539999999999958
-1	0.2118	0.09539999999999958
0	0.216	0.09539999999999958
1	0.1892	0.09539999999999958
2	0.1184	0.09539999999999958
3	0.081	0.09539999999999958
4	0.0362	0.09539999999999958
5	0.0194	0.09539999999999958
6	0.0098	0.09539999999999958
7	0.0038	0.09539999999999958
8	0.0022	0.09539999999999958
9	0.0004	0.09539999999999958
10	0.0	0.09539999999999958
