pontuacao	frequencia	media
-2	0.0046	0.43404000000001025
-1	0.0826	0.43404000000001025
0	0.316	0.43404000000001025
1	0.3432	0.43404000000001025
2	0.176	0.43404000000001025
3	0.0628	0.43404000000001025
4	0.0116	0.43404000000001025
5	0.0022	0.43404000000001025
6	0.0008	0.43404000000001025
