pontuacao	frequencia	media
-3	0.0012	1.6478799999999985
-2	0.0126	1.6478799999999985
-1	0.0672	1.6478799999999985
0	0.1458	1.6478799999999985
1	0.1852	1.6478799999999985
2	0.2026	1.6478799999999985
3	0.153	1.6478799999999985
4	0.1106	1.6478799999999985
5	0.0622	1.6478799999999985
6	0.0332	1.6478799999999985
7	0.015	1.6478799999999985
8	0.0058	1.6478799999999985
9	0.003	1.6478799999999985
10	0.0012	1.6478799999999985
11	0.001	1.6478799999999985
12	0.0002	1.6478799999999985
