pontuacao	frequencia	media
-2	0.0004	-0.3008999999999883
-1	0.0188	-0.3008999999999883
