pontuacao	frequencia	media
-5	0.0002	-1.3073600000000525
-4	0.0018	-1.3073600000000525
-3	0.0226	-1.3073600000000525
-2	0.18	-1.3073600000000525
-1	0.4706	-1.3073600000000525
