pontuacao	frequencia	media
-2	0.0012	1.4318199999999401
-1	0.0328	1.4318199999999401
0	0.169	1.4318199999999401
1	0.261	1.4318199999999401
2	0.2264	1.4318199999999401
3	0.165	1.4318199999999401
4	0.0882	1.4318199999999401
5	0.0342	1.4318199999999401
6	0.0162	1.4318199999999401
7	0.0044	1.4318199999999401
8	0.0008	1.4318199999999401
9	0.0004	1.4318199999999401
10	0.0	1.4318199999999401
