pontuacao	frequencia	media
-2	0.001	0.6090199999999983
-1	0.0318	0.6090199999999983
0	0.2616	0.6090199999999983
1	0.395	0.6090199999999983
2	0.2316	0.6090199999999983
3	0.0668	0.6090199999999983
4	0.011	0.6090199999999983
5	0.001	0.6090199999999983
