pontuacao	frequencia	media
1	0.376	0.6997199999999866
2	0.176	0.6997199999999866
3	0.0792	0.6997199999999866
4	0.0034	0.6997199999999866
