pontuacao	frequencia	media
-5	0.0008	0.17547999999999986
-4	0.0084	0.17547999999999986
-3	0.037	0.17547999999999986
-2	0.099	0.17547999999999986
-1	0.1668	0.17547999999999986
0	0.2002	0.17547999999999986
1	0.179	0.17547999999999986
2	0.1298	0.17547999999999986
3	0.0836	0.17547999999999986
4	0.0522	0.17547999999999986
5	0.0254	0.17547999999999986
6	0.0116	0.17547999999999986
7	0.0032	0.17547999999999986
8	0.002	0.17547999999999986
9	0.0008	0.17547999999999986
10	0.0	0.17547999999999986
