pontuacao	frequencia	media
-3	0.0002	0.9106199999999837
-2	0.0036	0.9106199999999837
-1	0.0376	0.9106199999999837
0	0.195	0.9106199999999837
1	0.3288	0.9106199999999837
2	0.2754	0.9106199999999837
3	0.1174	0.9106199999999837
4	0.0336	0.9106199999999837
5	0.0078	0.9106199999999837
