pontuacao	frequencia	media
-2	0.0044	0.17924000000000279
-1	0.0938	0.17924000000000279
0	0.4602	0.17924000000000279
1	0.2554	0.17924000000000279
2	0.1264	0.17924000000000279
3	0.039	0.17924000000000279
4	0.0162	0.17924000000000279
5	0.0032	0.17924000000000279
6	0.001	0.17924000000000279
