pontuacao	frequencia	media
-3	0.001	-0.4385999999999906
-2	0.0106	-0.4385999999999906
-1	0.162	-0.4385999999999906
0	0.6488	-0.4385999999999906
1	0.1724	-0.4385999999999906
