pontuacao	frequencia	media
-2	0.0004	0.9537799999999723
-1	0.0168	0.9537799999999723
0	0.283	0.9537799999999723
1	0.3178	0.9537799999999723
2	0.2164	0.9537799999999723
3	0.1106	0.9537799999999723
4	0.0416	0.9537799999999723
5	0.0088	0.9537799999999723
6	0.0032	0.9537799999999723
