pontuacao	frequencia	media
-4	0.0002	0.8707599999999979
-3	0.0012	0.8707599999999979
-2	0.0146	0.8707599999999979
-1	0.1048	0.8707599999999979
0	0.2218	0.8707599999999979
1	0.2402	0.8707599999999979
2	0.1886	0.8707599999999979
3	0.1212	0.8707599999999979
4	0.0608	0.8707599999999979
5	0.0296	0.8707599999999979
6	0.0114	0.8707599999999979
7	0.0042	0.8707599999999979
8	0.0008	0.8707599999999979
9	0.0004	0.8707599999999979
10	0.0	0.8707599999999979
11	0.0	0.8707599999999979
