pontuacao	frequencia	media
-4	0.0002	1.9867200000000027
-3	0.0012	1.9867200000000027
-2	0.0114	1.9867200000000027
-1	0.0572	1.9867200000000027
0	0.1242	1.9867200000000027
1	0.1704	1.9867200000000027
2	0.1874	1.9867200000000027
3	0.159	1.9867200000000027
4	0.1188	1.9867200000000027
5	0.0738	1.9867200000000027
6	0.0498	1.9867200000000027
7	0.0252	1.9867200000000027
8	0.0118	1.9867200000000027
9	0.0064	1.9867200000000027
10	0.0026	1.9867200000000027
