pontuacao	frequencia	media
-6	0.0002	-1.8190800000000331
-5	0.0018	-1.8190800000000331
-4	0.0156	-1.8190800000000331
-3	0.1052	-1.8190800000000331
-2	0.3008	-1.8190800000000331
-1	0.4206	-1.8190800000000331
