pontuacao	frequencia	media
-4	0.0014	1.220700000000004
-3	0.0092	1.220700000000004
-2	0.0434	1.220700000000004
-1	0.1144	1.220700000000004
0	0.1598	1.220700000000004
1	0.1828	1.220700000000004
2	0.1678	1.220700000000004
3	0.1286	1.220700000000004
4	0.0802	1.220700000000004
5	0.0524	1.220700000000004
6	0.0304	1.220700000000004
7	0.0164	1.220700000000004
8	0.0068	1.220700000000004
9	0.004	1.220700000000004
10	0.0012	1.220700000000004
