pontuacao	frequencia	media
-8	0.0002	0.313920000000004
-7	0.0004	0.313920000000004
-6	0.0006	0.313920000000004
-5	0.0028	0.313920000000004
-4	0.0128	0.313920000000004
-3	0.0276	0.313920000000004
-2	0.066	0.313920000000004
-1	0.1424	0.313920000000004
0	0.2056	0.313920000000004
1	0.2052	0.313920000000004
2	0.152	0.313920000000004
3	0.0944	0.313920000000004
4	0.0512	0.313920000000004
5	0.0236	0.313920000000004
6	0.0098	0.313920000000004
7	0.0044	0.313920000000004
