pontuacao	frequencia	media
-2	0.0012	-0.1327799999999999
-1	0.0924	-0.1327799999999999
0	0.6494	-0.1327799999999999
1	0.2134	-0.1327799999999999
2	0.0388	-0.1327799999999999
