pontuacao	frequencia	media
-6	0.0004	-2.295639999999996
-5	0.004	-2.295639999999996
-4	0.0296	-2.295639999999996
-3	0.181	-2.295639999999996
-2	0.431	-2.295639999999996
-1	0.3004	-2.295639999999996
