pontuacao	frequencia	media
-3	0.0012	0.1349599999999984
-2	0.028	0.1349599999999984
-1	0.1866	0.1349599999999984
0	0.3582	0.1349599999999984
1	0.1846	0.1349599999999984
2	0.1448	0.1349599999999984
3	0.061	0.1349599999999984
4	0.0254	0.1349599999999984
5	0.0072	0.1349599999999984
6	0.002	0.1349599999999984
7	0.0006	0.1349599999999984
8	0.0002	0.1349599999999984
