pontuacao	frequencia	media
-3	0.0008	0.5361600000000011
-2	0.018	0.5361600000000011
-1	0.127	0.5361600000000011
0	0.3062	0.5361600000000011
1	0.211	0.5361600000000011
2	0.1758	0.5361600000000011
3	0.0818	0.5361600000000011
4	0.0502	0.5361600000000011
5	0.0206	0.5361600000000011
6	0.0048	0.5361600000000011
7	0.0026	0.5361600000000011
8	0.0006	0.5361600000000011
