pontuacao	frequencia	media
-5	0.0004	-1.6079600000000376
-4	0.0068	-1.6079600000000376
-3	0.0538	-1.6079600000000376
-2	0.2396	-1.6079600000000376
-1	0.4882	-1.6079600000000376
