pontuacao	frequencia	media
-2	0.0002	2.4379000000000044
-1	0.013	2.4379000000000044
0	0.0908	2.4379000000000044
1	0.1644	2.4379000000000044
2	0.1988	2.4379000000000044
3	0.1886	2.4379000000000044
4	0.1464	2.4379000000000044
5	0.089	2.4379000000000044
6	0.0542	2.4379000000000044
7	0.0296	2.4379000000000044
8	0.0166	2.4379000000000044
9	0.005	2.4379000000000044
10	0.0016	2.4379000000000044
11	0.001	2.4379000000000044
