pontuacao	frequencia	media
-3	0.0008	0.6445999999999937
-2	0.0058	0.6445999999999937
-1	0.0694	0.6445999999999937
0	0.2812	0.6445999999999937
1	0.318	0.6445999999999937
2	0.1884	0.6445999999999937
3	0.0934	0.6445999999999937
4	0.0312	0.6445999999999937
5	0.0084	0.6445999999999937
6	0.0024	0.6445999999999937
