pontuacao	frequencia	media
-3	0.0002	2.426600000000015
-2	0.0048	2.426600000000015
-1	0.0332	2.426600000000015
0	0.0916	2.426600000000015
1	0.1608	2.426600000000015
2	0.1802	2.426600000000015
3	0.182	2.426600000000015
4	0.125	2.426600000000015
5	0.1004	2.426600000000015
6	0.0576	2.426600000000015
7	0.0314	2.426600000000015
8	0.019	2.426600000000015
9	0.0092	2.426600000000015
10	0.0022	2.426600000000015
11	0.0014	2.426600000000015
12	0.0006	2.426600000000015
