pontuacao	frequencia	media
-2	0.0032	1.6891399999999448
-1	0.0434	1.6891399999999448
0	0.1978	1.6891399999999448
1	0.1592	1.6891399999999448
2	0.2124	1.6891399999999448
3	0.177	1.6891399999999448
4	0.1076	1.6891399999999448
5	0.041	1.6891399999999448
6	0.0348	1.6891399999999448
7	0.0144	1.6891399999999448
8	0.006	1.6891399999999448
9	0.002	1.6891399999999448
