pontuacao	frequencia	media
-10	0.0006	-1.8232600000000283
-9	0.001	-1.8232600000000283
-8	0.0042	-1.8232600000000283
-7	0.006	-1.8232600000000283
-6	0.0162	-1.8232600000000283
-5	0.0374	-1.8232600000000283
-4	0.0704	-1.8232600000000283
-3	0.1146	-1.8232600000000283
-2	0.1748	-1.8232600000000283
-1	0.2042	-1.8232600000000283
0	0.2374	-1.8232600000000283
1	0.1018	-1.8232600000000283
2	0.0258	-1.8232600000000283
3	0.0042	-1.8232600000000283
4	0.0012	-1.8232600000000283
