pontuacao	frequencia	media
-5	0.0004	1.4347999999999714
-4	0.0016	1.4347999999999714
-3	0.008	1.4347999999999714
-2	0.026	1.4347999999999714
-1	0.0666	1.4347999999999714
0	0.176	1.4347999999999714
1	0.1788	1.4347999999999714
2	0.1908	1.4347999999999714
3	0.1362	1.4347999999999714
4	0.1056	1.4347999999999714
5	0.0514	1.4347999999999714
6	0.0324	1.4347999999999714
7	0.0172	1.4347999999999714
8	0.0058	1.4347999999999714
9	0.0026	1.4347999999999714
10	0.0002	1.4347999999999714
