pontuacao	frequencia	media
-4	0.0002	-0.2954799999999879
-3	0.0004	-0.2954799999999879
-2	0.0188	-0.2954799999999879
-1	0.1698	-0.2954799999999879
0	0.5202	-0.2954799999999879
1	0.259	-0.2954799999999879
2	0.0296	-0.2954799999999879
3	0.0018	-0.2954799999999879
