pontuacao	frequencia	media
-3	0.0016	1.4281799999999645
-2	0.0148	1.4281799999999645
-1	0.0622	1.4281799999999645
0	0.1596	1.4281799999999645
1	0.2134	1.4281799999999645
2	0.2108	1.4281799999999645
3	0.1592	1.4281799999999645
4	0.0868	1.4281799999999645
5	0.0558	1.4281799999999645
6	0.0226	1.4281799999999645
7	0.008	1.4281799999999645
8	0.004	1.4281799999999645
9	0.001	1.4281799999999645
10	0.0	1.4281799999999645
