pontuacao	frequencia	media
-2	0.0004	1.0986399999999659
-1	0.011	1.0986399999999659
0	0.1672	1.0986399999999659
1	0.3558	1.0986399999999659
2	0.2798	1.0986399999999659
3	0.136	1.0986399999999659
4	0.0384	1.0986399999999659
5	0.0094	1.0986399999999659
6	0.0014	1.0986399999999659
