pontuacao	frequencia	media
-4	0.0002	-0.7908800000000162
-3	0.0012	-0.7908800000000162
-2	0.035	-0.7908800000000162
-1	0.326	-0.7908800000000162
