pontuacao	frequencia	media
-4	0.0002	0.843519999999996
-3	0.001	0.843519999999996
-2	0.018	0.843519999999996
-1	0.1046	0.843519999999996
0	0.2256	0.843519999999996
1	0.2436	0.843519999999996
2	0.1916	0.843519999999996
3	0.1124	0.843519999999996
4	0.0576	0.843519999999996
5	0.0274	0.843519999999996
6	0.0114	0.843519999999996
7	0.004	0.843519999999996
8	0.0018	0.843519999999996
9	0.0004	0.843519999999996
