pontuacao	frequencia	media
-4	0.0004	0.7781799999999999
-3	0.0022	0.7781799999999999
-2	0.0206	0.7781799999999999
-1	0.1022	0.7781799999999999
0	0.225	0.7781799999999999
1	0.2528	0.7781799999999999
2	0.2042	0.7781799999999999
3	0.101	0.7781799999999999
4	0.0564	0.7781799999999999
5	0.0256	0.7781799999999999
6	0.005	0.7781799999999999
7	0.0032	0.7781799999999999
