pontuacao	frequencia	media
-1	0.0018	2.1293999999999955
0	0.051	2.1293999999999955
1	0.1734	2.1293999999999955
2	0.283	2.1293999999999955
3	0.2486	2.1293999999999955
4	0.1472	2.1293999999999955
5	0.0648	2.1293999999999955
6	0.021	2.1293999999999955
7	0.0084	2.1293999999999955
8	0.0006	2.1293999999999955
