pontuacao	frequencia	media
-4	0.0008	0.6727399999999876
-3	0.0072	0.6727399999999876
-2	0.0404	0.6727399999999876
-1	0.1088	0.6727399999999876
0	0.2146	0.6727399999999876
1	0.2526	0.6727399999999876
2	0.1922	0.6727399999999876
3	0.1134	0.6727399999999876
4	0.047	0.6727399999999876
5	0.0162	0.6727399999999876
6	0.0046	0.6727399999999876
7	0.002	0.6727399999999876
