pontuacao	frequencia	media
-3	0.001	0.1992400000000029
-2	0.018	0.1992400000000029
-1	0.1234	0.1992400000000029
0	0.3258	0.1992400000000029
1	0.3504	0.1992400000000029
2	0.1392	0.1992400000000029
3	0.0366	0.1992400000000029
