pontuacao	frequencia	media
-2	0.0006	1.12025999999997
-1	0.0302	1.12025999999997
0	0.3134	1.12025999999997
1	0.1684	1.12025999999997
2	0.2472	1.12025999999997
3	0.1062	1.12025999999997
4	0.083	1.12025999999997
5	0.0244	1.12025999999997
6	0.0178	1.12025999999997
7	0.006	1.12025999999997
8	0.0018	1.12025999999997
9	0.0006	1.12025999999997
10	0.0002	1.12025999999997
