pontuacao	frequencia	media
-2	0.0042	-0.602820000000002
-1	0.138	-0.602820000000002
