pontuacao	frequencia	media
-4	0.0018	-0.23128000000000085
-3	0.0168	-0.23128000000000085
-2	0.1022	-0.23128000000000085
-1	0.2344	-0.23128000000000085
0	0.2542	-0.23128000000000085
1	0.1956	-0.23128000000000085
2	0.1088	-0.23128000000000085
3	0.0546	-0.23128000000000085
4	0.0222	-0.23128000000000085
5	0.0052	-0.23128000000000085
6	0.0034	-0.23128000000000085
7	0.0006	-0.23128000000000085
8	0.0	-0.23128000000000085
