pontuacao	frequencia	media
-5	0.0002	0.41324000000001
-4	0.0006	0.41324000000001
-3	0.0084	0.41324000000001
-2	0.0582	0.41324000000001
-1	0.189	0.41324000000001
0	0.2192	0.41324000000001
1	0.1938	0.41324000000001
2	0.1452	0.41324000000001
3	0.1012	0.41324000000001
4	0.0428	0.41324000000001
5	0.0252	0.41324000000001
6	0.0092	0.41324000000001
7	0.0046	0.41324000000001
8	0.001	0.41324000000001
9	0.0008	0.41324000000001
10	0.0004	0.41324000000001
