pontuacao	frequencia	media
-12	0.0008	-2.5804399999999927
-11	0.0008	-2.5804399999999927
-10	0.0024	-2.5804399999999927
-9	0.003	-2.5804399999999927
-8	0.0144	-2.5804399999999927
-7	0.0066	-2.5804399999999927
-6	0.0556	-2.5804399999999927
-5	0.0252	-2.5804399999999927
-4	0.1566	-2.5804399999999927
-3	0.0478	-2.5804399999999927
-2	0.3104	-2.5804399999999927
-1	0.046	-2.5804399999999927
