pontuacao	frequencia	media
1	0.2128	2.17676000000001
2	0.1626	2.17676000000001
3	0.2054	2.17676000000001
4	0.1526	2.17676000000001
5	0.0468	2.17676000000001
6	0.0476	2.17676000000001
7	0.0214	2.17676000000001
8	0.0102	2.17676000000001
9	0.0032	2.17676000000001
10	0.0014	2.17676000000001
