pontuacao	frequencia	media
-3	0.0014	1.3784799999999944
-2	0.0158	1.3784799999999944
-1	0.0808	1.3784799999999944
0	0.1774	1.3784799999999944
1	0.202	1.3784799999999944
2	0.1878	1.3784799999999944
3	0.141	1.3784799999999944
4	0.093	1.3784799999999944
5	0.0532	1.3784799999999944
6	0.0252	1.3784799999999944
7	0.0148	1.3784799999999944
8	0.0054	1.3784799999999944
9	0.0006	1.3784799999999944
10	0.0014	1.3784799999999944
