pontuacao	frequencia	media
-4	0.0022	-0.9087600000000009
-3	0.014	-0.9087600000000009
-2	0.119	-0.9087600000000009
-1	0.3312	-0.9087600000000009
0	0.3748	-0.9087600000000009
1	0.1354	-0.9087600000000009
2	0.0216	-0.9087600000000009
