pontuacao	frequencia	media
-4	0.0004	-1.2044399999999944
-3	0.0078	-1.2044399999999944
-2	0.1008	-1.2044399999999944
-1	0.4606	-1.2044399999999944
