pontuacao	frequencia	media
-3	0.0004	2.778239999999996
-2	0.0076	2.778239999999996
-1	0.0312	2.778239999999996
0	0.0738	2.778239999999996
1	0.1262	2.778239999999996
2	0.1626	2.778239999999996
3	0.177	2.778239999999996
4	0.1456	2.778239999999996
5	0.1114	2.778239999999996
6	0.0708	2.778239999999996
7	0.0464	2.778239999999996
8	0.0266	2.778239999999996
9	0.0122	2.778239999999996
10	0.0054	2.778239999999996
11	0.0018	2.778239999999996
12	0.0006	2.778239999999996
