pontuacao	frequencia	media
-4	0.0002	1.0538599999999991
-3	0.0026	1.0538599999999991
-2	0.0204	1.0538599999999991
-1	0.0904	1.0538599999999991
0	0.188	1.0538599999999991
1	0.2268	1.0538599999999991
2	0.211	1.0538599999999991
3	0.1368	1.0538599999999991
4	0.067	1.0538599999999991
5	0.034	1.0538599999999991
6	0.015	1.0538599999999991
7	0.005	1.0538599999999991
8	0.0018	1.0538599999999991
9	0.0006	1.0538599999999991
