pontuacao	frequencia	media
-4	0.0006	1.468999999999978
-3	0.0026	1.468999999999978
-2	0.0238	1.468999999999978
-1	0.0974	1.468999999999978
0	0.1568	1.468999999999978
1	0.1716	1.468999999999978
2	0.1778	1.468999999999978
3	0.1522	1.468999999999978
4	0.097	1.468999999999978
5	0.0594	1.468999999999978
6	0.0332	1.468999999999978
7	0.0168	1.468999999999978
8	0.0066	1.468999999999978
9	0.0032	1.468999999999978
10	0.0004	1.468999999999978
11	0.0004	1.468999999999978
12	0.0	1.468999999999978
