pontuacao	frequencia	media
-5	0.002	0.6076000000000015
-4	0.007	0.6076000000000015
-3	0.026	0.6076000000000015
-2	0.0776	0.6076000000000015
-1	0.1422	0.6076000000000015
0	0.1842	0.6076000000000015
1	0.1696	0.6076000000000015
2	0.146	0.6076000000000015
3	0.1044	0.6076000000000015
4	0.0678	0.6076000000000015
5	0.0398	0.6076000000000015
6	0.017	0.6076000000000015
7	0.009	0.6076000000000015
8	0.0052	0.6076000000000015
9	0.0014	0.6076000000000015
10	0.0006	0.6076000000000015
