pontuacao	frequencia	media
-3	0.0006	0.843599999999998
-2	0.019	0.843599999999998
-1	0.1026	0.843599999999998
0	0.23	0.843599999999998
1	0.2334	0.843599999999998
2	0.1962	0.843599999999998
3	0.113	0.843599999999998
4	0.0602	0.843599999999998
5	0.0302	0.843599999999998
6	0.01	0.843599999999998
7	0.003	0.843599999999998
8	0.0014	0.843599999999998
