pontuacao	frequencia	media
-2	0.0016	2.28312
-1	0.0418	2.28312
0	0.119	2.28312
1	0.1394	2.28312
2	0.2026	2.28312
3	0.1622	2.28312
4	0.1326	2.28312
5	0.0804	2.28312
6	0.0606	2.28312
7	0.0318	2.28312
8	0.0162	2.28312
9	0.0068	2.28312
10	0.0032	2.28312
11	0.0008	2.28312
12	0.0006	2.28312
