pontuacao	frequencia	media
-3	0.001	1.3048399999999554
-2	0.0168	1.3048399999999554
-1	0.0836	1.3048399999999554
0	0.1762	1.3048399999999554
1	0.2122	1.3048399999999554
2	0.1964	1.3048399999999554
3	0.1392	1.3048399999999554
4	0.0932	1.3048399999999554
5	0.043	1.3048399999999554
6	0.0264	1.3048399999999554
7	0.0088	1.3048399999999554
8	0.0018	1.3048399999999554
9	0.0006	1.3048399999999554
10	0.0006	1.3048399999999554
