pontuacao	frequencia	media
-5	0.001	0.10363999999999599
-4	0.0058	0.10363999999999599
-3	0.0112	0.10363999999999599
-2	0.0656	0.10363999999999599
-1	0.0798	0.10363999999999599
0	0.3112	0.10363999999999599
1	0.33	0.10363999999999599
2	0.1506	0.10363999999999599
3	0.0392	0.10363999999999599
4	0.005	0.10363999999999599
5	0.0002	0.10363999999999599
