pontuacao	frequencia	media
-1	0.0076	0.39612000000000985
0	0.3846	0.39612000000000985
1	0.3994	0.39612000000000985
2	0.1722	0.39612000000000985
3	0.0324	0.39612000000000985
4	0.0034	0.39612000000000985
