pontuacao	frequencia	media
-7	0.0004	0.07269999999999716
-6	0.0002	0.07269999999999716
-5	0.0036	0.07269999999999716
-4	0.0104	0.07269999999999716
-3	0.021	0.07269999999999716
-2	0.0648	0.07269999999999716
-1	0.1236	0.07269999999999716
0	0.305	0.07269999999999716
1	0.222	0.07269999999999716
2	0.1452	0.07269999999999716
3	0.0646	0.07269999999999716
4	0.0262	0.07269999999999716
5	0.0104	0.07269999999999716
6	0.0018	0.07269999999999716
