pontuacao	frequencia	media
-6	0.0004	-1.8163000000000429
-5	0.003	-1.8163000000000429
-4	0.0174	-1.8163000000000429
-3	0.0996	-1.8163000000000429
-2	0.301	-1.8163000000000429
-1	0.424	-1.8163000000000429
