pontuacao	frequencia	media
-5	0.0004	-0.8417000000000018
-4	0.0058	-0.8417000000000018
-3	0.0342	-0.8417000000000018
-2	0.1528	-0.8417000000000018
-1	0.3056	-0.8417000000000018
0	0.2796	-0.8417000000000018
1	0.1256	-0.8417000000000018
2	0.0668	-0.8417000000000018
3	0.0202	-0.8417000000000018
4	0.0074	-0.8417000000000018
5	0.0014	-0.8417000000000018
6	0.0	-0.8417000000000018
