pontuacao	frequencia	media
1	0.2006	2.6944400000000437
2	0.152	2.6944400000000437
3	0.2204	2.6944400000000437
4	0.168	2.6944400000000437
5	0.1056	2.6944400000000437
6	0.0504	2.6944400000000437
7	0.0346	2.6944400000000437
8	0.0122	2.6944400000000437
9	0.0056	2.6944400000000437
10	0.003	2.6944400000000437
11	0.0	2.6944400000000437
12	0.0002	2.6944400000000437
13	0.0002	2.6944400000000437
