pontuacao	frequencia	media
-4	0.0008	0.6983800000000001
-3	0.0096	0.6983800000000001
-2	0.049	0.6983800000000001
-1	0.1416	0.6983800000000001
0	0.2058	0.6983800000000001
1	0.198	0.6983800000000001
2	0.1662	0.6983800000000001
3	0.1116	0.6983800000000001
4	0.0626	0.6983800000000001
5	0.0314	0.6983800000000001
6	0.0136	0.6983800000000001
7	0.0056	0.6983800000000001
8	0.0022	0.6983800000000001
9	0.0014	0.6983800000000001
10	0.0004	0.6983800000000001
