pontuacao	frequencia	media
-1	0.0104	0.1880400000000041
0	0.6044	0.1880400000000041
1	0.2996	0.1880400000000041
2	0.0738	0.1880400000000041
3	0.01	0.1880400000000041
4	0.0014	0.1880400000000041
