pontuacao	frequencia	media
-2	0.0006	2.432640000000015
-1	0.02	2.432640000000015
0	0.1458	2.432640000000015
1	0.097	2.432640000000015
2	0.2316	2.432640000000015
3	0.1338	2.432640000000015
4	0.1624	2.432640000000015
5	0.068	2.432640000000015
6	0.0758	2.432640000000015
7	0.0396	2.432640000000015
8	0.0112	2.432640000000015
9	0.0096	2.432640000000015
10	0.0026	2.432640000000015
11	0.0012	2.432640000000015
12	0.0004	2.432640000000015
13	0.0	2.432640000000015
