pontuacao	frequencia	media
-2	0.0142	-0.3979999999999968
-1	0.1886	-0.3979999999999968
0	0.5432	-0.3979999999999968
1	0.2298	-0.3979999999999968
2	0.0228	-0.3979999999999968
