pontuacao	frequencia	media
-5	0.0002	-1.2974400000000117
-4	0.0074	-1.2974400000000117
-3	0.042	-1.2974400000000117
-2	0.1918	-1.2974400000000117
-1	0.3846	-1.2974400000000117
0	0.2952	-1.2974400000000117
1	0.0722	-1.2974400000000117
2	0.0064	-1.2974400000000117
