pontuacao	frequencia	media
-3	0.007	-0.0940800000000003
-2	0.05	-0.0940800000000003
-1	0.2158	-0.0940800000000003
0	0.3198	-0.0940800000000003
1	0.2134	-0.0940800000000003
2	0.1194	-0.0940800000000003
3	0.049	-0.0940800000000003
4	0.0166	-0.0940800000000003
5	0.0072	-0.0940800000000003
6	0.0012	-0.0940800000000003
