pontuacao	frequencia	media
-2	0.0022	1.8925399999999768
-1	0.0312	1.8925399999999768
0	0.1412	1.8925399999999768
1	0.1854	1.8925399999999768
2	0.2272	1.8925399999999768
3	0.1526	1.8925399999999768
4	0.1188	1.8925399999999768
5	0.078	1.8925399999999768
6	0.0378	1.8925399999999768
7	0.0138	1.8925399999999768
8	0.0064	1.8925399999999768
9	0.0028	1.8925399999999768
10	0.0018	1.8925399999999768
11	0.0	1.8925399999999768
12	0.0002	1.8925399999999768
