pontuacao	frequencia	media
-7	0.0012	-0.6327000000000003
-6	0.006	-0.6327000000000003
-5	0.0104	-0.6327000000000003
-4	0.0348	-0.6327000000000003
-3	0.0708	-0.6327000000000003
-2	0.1272	-0.6327000000000003
-1	0.1838	-0.6327000000000003
0	0.1994	-0.6327000000000003
1	0.1702	-0.6327000000000003
2	0.1072	-0.6327000000000003
3	0.0522	-0.6327000000000003
4	0.025	-0.6327000000000003
5	0.0076	-0.6327000000000003
6	0.004	-0.6327000000000003
