pontuacao	frequencia	media
-1	0.0004	0.2013200000000044
0	0.6076	0.2013200000000044
1	0.3072	0.2013200000000044
2	0.0766	0.2013200000000044
