pontuacao	frequencia	media
-3	0.0006	1.0425799999999992
-2	0.0104	1.0425799999999992
-1	0.0866	1.0425799999999992
0	0.209	1.0425799999999992
1	0.237	1.0425799999999992
2	0.2068	1.0425799999999992
3	0.1272	1.0425799999999992
4	0.0654	1.0425799999999992
5	0.0344	1.0425799999999992
6	0.0148	1.0425799999999992
7	0.005	1.0425799999999992
8	0.0016	1.0425799999999992
