pontuacao	frequencia	media
-1	0.0278	0.9135799999999825
0	0.224	0.9135799999999825
1	0.3386	0.9135799999999825
2	0.2364	0.9135799999999825
3	0.1202	0.9135799999999825
4	0.0396	0.9135799999999825
5	0.01	0.9135799999999825
6	0.003	0.9135799999999825
7	0.0002	0.9135799999999825
