pontuacao	frequencia	media
-3	0.003	-0.5643000000000007
-2	0.053	-0.5643000000000007
-1	0.2494	-0.5643000000000007
0	0.4642	-0.5643000000000007
1	0.1988	-0.5643000000000007
2	0.0288	-0.5643000000000007
3	0.0026	-0.5643000000000007
