pontuacao	frequencia	media
-2	0.0048	0.4515600000000088
-1	0.0626	0.4515600000000088
0	0.3112	0.4515600000000088
1	0.3996	0.4515600000000088
2	0.1744	0.4515600000000088
3	0.0408	0.4515600000000088
4	0.0058	0.4515600000000088
