pontuacao	frequencia	media
-5	0.001	0.4601599999999995
-4	0.0038	0.4601599999999995
-3	0.0214	0.4601599999999995
-2	0.077	0.4601599999999995
-1	0.1444	0.4601599999999995
0	0.1962	0.4601599999999995
1	0.1988	0.4601599999999995
2	0.1558	0.4601599999999995
3	0.096	0.4601599999999995
4	0.0526	0.4601599999999995
5	0.0296	0.4601599999999995
6	0.0152	0.4601599999999995
7	0.0048	0.4601599999999995
8	0.0016	0.4601599999999995
