pontuacao	frequencia	media
-1	0.0012	1.3978599999999661
0	0.1488	1.3978599999999661
1	0.2892	1.3978599999999661
2	0.2838	1.3978599999999661
3	0.1672	1.3978599999999661
4	0.0738	1.3978599999999661
5	0.0266	1.3978599999999661
6	0.0072	1.3978599999999661
7	0.0018	1.3978599999999661
8	0.0002	1.3978599999999661
