pontuacao	frequencia	media
-5	0.0006	-1.036679999999996
-4	0.0136	-1.036679999999996
-3	0.0532	-1.036679999999996
-2	0.1638	-1.036679999999996
-1	0.2942	-1.036679999999996
0	0.2826	-1.036679999999996
1	0.1378	-1.036679999999996
2	0.0398	-1.036679999999996
3	0.0124	-1.036679999999996
4	0.0018	-1.036679999999996
