pontuacao	frequencia	media
-4	0.0002	1.4307000000000056
-3	0.0026	1.4307000000000056
-2	0.0272	1.4307000000000056
-1	0.091	1.4307000000000056
0	0.1528	1.4307000000000056
1	0.1932	1.4307000000000056
2	0.1864	1.4307000000000056
3	0.1342	1.4307000000000056
4	0.1006	1.4307000000000056
5	0.0546	1.4307000000000056
6	0.0286	1.4307000000000056
7	0.0142	1.4307000000000056
8	0.0096	1.4307000000000056
9	0.0032	1.4307000000000056
10	0.0006	1.4307000000000056
11	0.0006	1.4307000000000056
