pontuacao	frequencia	media
-2	0.0006	-0.10620000000000247
-1	0.0412	-0.10620000000000247
0	0.6292	-0.10620000000000247
1	0.2724	-0.10620000000000247
2	0.0522	-0.10620000000000247
