pontuacao	frequencia	media
-3	0.0002	1.1750999999999514
-2	0.0064	1.1750999999999514
-1	0.0928	1.1750999999999514
0	0.2778	1.1750999999999514
1	0.0936	1.1750999999999514
2	0.2892	1.1750999999999514
3	0.0952	1.1750999999999514
4	0.074	1.1750999999999514
5	0.0264	1.1750999999999514
6	0.0288	1.1750999999999514
7	0.0124	1.1750999999999514
8	0.0022	1.1750999999999514
9	0.0008	1.1750999999999514
10	0.0	1.1750999999999514
