pontuacao	frequencia	media
-1	0.0364	0.04499999999999993
0	0.5116	0.04499999999999993
1	0.3974	0.04499999999999993
2	0.0514	0.04499999999999993
3	0.003	0.04499999999999993
