pontuacao	frequencia	media
-2	0.0016	1.036859999999989
-1	0.038	1.036859999999989
0	0.1942	1.036859999999989
1	0.3002	1.036859999999989
2	0.2588	1.036859999999989
3	0.1348	1.036859999999989
4	0.0534	1.036859999999989
5	0.0144	1.036859999999989
6	0.0038	1.036859999999989
7	0.0006	1.036859999999989
