pontuacao	frequencia	media
-2	0.0034	0.884059999999985
-1	0.0422	0.884059999999985
0	0.1938	0.884059999999985
1	0.3414	0.884059999999985
2	0.2576	0.884059999999985
3	0.123	0.884059999999985
4	0.0304	0.884059999999985
5	0.0076	0.884059999999985
