pontuacao	frequencia	media
-2	0.0024	-0.12140000000000102
-1	0.0752	-0.12140000000000102
0	0.5496	-0.12140000000000102
1	0.336	-0.12140000000000102
2	0.0352	-0.12140000000000102
