pontuacao	frequencia	media
-9	0.0004	-1.8683600000000167
-8	0.0022	-1.8683600000000167
-7	0.0038	-1.8683600000000167
-6	0.0112	-1.8683600000000167
-5	0.037	-1.8683600000000167
-4	0.0632	-1.8683600000000167
-3	0.129	-1.8683600000000167
-2	0.172	-1.8683600000000167
-1	0.2428	-1.8683600000000167
0	0.2364	-1.8683600000000167
1	0.087	-1.8683600000000167
2	0.0142	-1.8683600000000167
