pontuacao	frequencia	media
-2	0.018	0.6942599999999882
-1	0.0856	0.6942599999999882
0	0.2284	0.6942599999999882
1	0.3036	0.6942599999999882
2	0.22	0.6942599999999882
3	0.1058	0.6942599999999882
4	0.0318	0.6942599999999882
5	0.0056	0.6942599999999882
6	0.0006	0.6942599999999882
