pontuacao	frequencia	media
-3	0.0048	-0.5087999999999973
-2	0.0462	-0.5087999999999973
-1	0.2456	-0.5087999999999973
0	0.4466	-0.5087999999999973
1	0.2118	-0.5087999999999973
2	0.043	-0.5087999999999973
3	0.0016	-0.5087999999999973
