pontuacao	frequencia	media
-3	0.0002	0.17734000000000277
-2	0.0038	0.17734000000000277
-1	0.1006	0.17734000000000277
0	0.4548	0.17734000000000277
1	0.251	0.17734000000000277
2	0.13	0.17734000000000277
3	0.0412	0.17734000000000277
4	0.0154	0.17734000000000277
5	0.0026	0.17734000000000277
