pontuacao	frequencia	media
-6	0.0002	1.031300000000004
-5	0.0026	1.031300000000004
-4	0.0056	1.031300000000004
-3	0.0166	1.031300000000004
-2	0.0334	1.031300000000004
-1	0.0886	1.031300000000004
0	0.1626	1.031300000000004
1	0.2042	1.031300000000004
2	0.1892	1.031300000000004
3	0.141	1.031300000000004
4	0.0896	1.031300000000004
5	0.0374	1.031300000000004
6	0.0182	1.031300000000004
7	0.007	1.031300000000004
8	0.0026	1.031300000000004
9	0.0008	1.031300000000004
