pontuacao	frequencia	media
-3	0.0002	1.3739599999999879
-2	0.0014	1.3739599999999879
-1	0.0404	1.3739599999999879
0	0.2476	1.3739599999999879
1	0.1572	1.3739599999999879
2	0.2458	1.3739599999999879
3	0.1262	1.3739599999999879
4	0.0938	1.3739599999999879
5	0.0474	1.3739599999999879
6	0.0226	1.3739599999999879
7	0.0124	1.3739599999999879
8	0.0036	1.3739599999999879
9	0.0008	1.3739599999999879
10	0.0004	1.3739599999999879
