pontuacao	frequencia	media
-3	0.0008	1.3764800000000048
-2	0.0142	1.3764800000000048
-1	0.0872	1.3764800000000048
0	0.1814	1.3764800000000048
1	0.1878	1.3764800000000048
2	0.1982	1.3764800000000048
3	0.1378	1.3764800000000048
4	0.0882	1.3764800000000048
5	0.0492	1.3764800000000048
6	0.0322	1.3764800000000048
7	0.0146	1.3764800000000048
8	0.0046	1.3764800000000048
9	0.0028	1.3764800000000048
10	0.0006	1.3764800000000048
11	0.0002	1.3764800000000048
