pontuacao	frequencia	media
-5	0.0008	-0.36795999999999823
-4	0.005	-0.36795999999999823
-3	0.0268	-0.36795999999999823
-2	0.0966	-0.36795999999999823
-1	0.2132	-0.36795999999999823
0	0.2714	-0.36795999999999823
1	0.2212	-0.36795999999999823
2	0.1214	-0.36795999999999823
3	0.0342	-0.36795999999999823
4	0.0084	-0.36795999999999823
