pontuacao	frequencia	media
-2	0.0034	0.025800000000001218
-1	0.0822	0.025800000000001218
0	0.4926	0.025800000000001218
1	0.3398	0.025800000000001218
2	0.0738	0.025800000000001218
