pontuacao	frequencia	media
-4	0.0032	-0.2702800000000006
-3	0.0236	-0.2702800000000006
-2	0.1048	-0.2702800000000006
-1	0.2334	-0.2702800000000006
0	0.2458	-0.2702800000000006
1	0.191	-0.2702800000000006
2	0.1134	-0.2702800000000006
3	0.053	-0.2702800000000006
4	0.02	-0.2702800000000006
5	0.0074	-0.2702800000000006
6	0.0032	-0.2702800000000006
7	0.0006	-0.2702800000000006
