pontuacao	frequencia	media
-3	0.0002	1.1483800000000057
-2	0.0064	1.1483800000000057
-1	0.052	1.1483800000000057
0	0.1878	1.1483800000000057
1	0.2702	1.1483800000000057
2	0.2266	1.1483800000000057
3	0.1408	1.1483800000000057
4	0.0738	1.1483800000000057
5	0.0272	1.1483800000000057
6	0.0106	1.1483800000000057
7	0.0032	1.1483800000000057
8	0.0008	1.1483800000000057
9	0.0002	1.1483800000000057
