pontuacao	frequencia	media
-3	0.0008	0.8964999999999854
-2	0.0126	0.8964999999999854
-1	0.1194	0.8964999999999854
0	0.2698	0.8964999999999854
1	0.1684	0.8964999999999854
2	0.1948	0.8964999999999854
3	0.1082	0.8964999999999854
4	0.0624	0.8964999999999854
5	0.0374	0.8964999999999854
6	0.014	0.8964999999999854
7	0.0078	0.8964999999999854
8	0.0028	0.8964999999999854
9	0.0014	0.8964999999999854
