pontuacao	frequencia	media
-4	0.0012	0.06321999999999862
-3	0.0062	0.06321999999999862
-2	0.0376	0.06321999999999862
-1	0.1908	0.06321999999999862
0	0.3114	0.06321999999999862
1	0.2312	0.06321999999999862
2	0.1312	0.06321999999999862
3	0.0594	0.06321999999999862
4	0.0212	0.06321999999999862
5	0.006	0.06321999999999862
6	0.0026	0.06321999999999862
7	0.0008	0.06321999999999862
8	0.0002	0.06321999999999862
