pontuacao	frequencia	media
-2	0.0002	0.2050000000000046
-1	0.0104	0.2050000000000046
0	0.4538	0.2050000000000046
1	0.4684	0.2050000000000046
2	0.0644	0.2050000000000046
3	0.0024	0.2050000000000046
