pontuacao	frequencia	media
-8	0.0004	-0.27589999999999476
-7	0.001	-0.27589999999999476
-6	0.0014	-0.27589999999999476
-5	0.0084	-0.27589999999999476
-4	0.02	-0.27589999999999476
-3	0.0506	-0.27589999999999476
-2	0.0982	-0.27589999999999476
-1	0.1574	-0.27589999999999476
0	0.231	-0.27589999999999476
1	0.1968	-0.27589999999999476
2	0.133	-0.27589999999999476
3	0.066	-0.27589999999999476
4	0.0242	-0.27589999999999476
5	0.0088	-0.27589999999999476
6	0.001	-0.27589999999999476
