pontuacao	frequencia	media
1	0.0	1.7091799999999446
2	0.3624	1.7091799999999446
3	0.0	1.7091799999999446
4	0.1916	1.7091799999999446
5	0.0	1.7091799999999446
6	0.0606	1.7091799999999446
7	0.0142	1.7091799999999446
8	0.0	1.7091799999999446
9	0.004	1.7091799999999446
10	0.0	1.7091799999999446
