pontuacao	frequencia	media
-2	0.0022	1.9275799999999803
-1	0.034	1.9275799999999803
0	0.1392	1.9275799999999803
1	0.1854	1.9275799999999803
2	0.2216	1.9275799999999803
3	0.145	1.9275799999999803
4	0.1222	1.9275799999999803
5	0.0804	1.9275799999999803
6	0.0432	1.9275799999999803
7	0.0162	1.9275799999999803
8	0.0062	1.9275799999999803
9	0.003	1.9275799999999803
10	0.001	1.9275799999999803
