pontuacao	frequencia	media
-7	0.0002	-0.8693800000000012
-6	0.0016	-0.8693800000000012
-5	0.0064	-0.8693800000000012
-4	0.0294	-0.8693800000000012
-3	0.0952	-0.8693800000000012
-2	0.1828	-0.8693800000000012
-1	0.2078	-0.8693800000000012
0	0.178	-0.8693800000000012
1	0.131	-0.8693800000000012
2	0.08	-0.8693800000000012
3	0.0508	-0.8693800000000012
4	0.023	-0.8693800000000012
5	0.0102	-0.8693800000000012
6	0.0018	-0.8693800000000012
7	0.001	-0.8693800000000012
