pontuacao	frequencia	media
-4	0.0004	0.4604599999999996
-3	0.0054	0.4604599999999996
-2	0.0472	0.4604599999999996
-1	0.1444	0.4604599999999996
0	0.232	0.4604599999999996
1	0.2256	0.4604599999999996
2	0.1806	0.4604599999999996
3	0.0968	0.4604599999999996
4	0.0402	0.4604599999999996
5	0.017	0.4604599999999996
6	0.0068	0.4604599999999996
7	0.0022	0.4604599999999996
8	0.001	0.4604599999999996
