pontuacao	frequencia	media
-3	0.0032	-0.39393999999998575
-2	0.0512	-0.39393999999998575
-1	0.2276	-0.39393999999998575
0	0.4252	-0.39393999999998575
1	0.2244	-0.39393999999998575
2	0.0618	-0.39393999999998575
3	0.0064	-0.39393999999998575
