pontuacao	frequencia	media
-7	0.0006	0.60294
-6	0.002	0.60294
-5	0.0048	0.60294
-4	0.016	0.60294
-3	0.0408	0.60294
-2	0.0714	0.60294
-1	0.1238	0.60294
0	0.1618	0.60294
1	0.1688	0.60294
2	0.1498	0.60294
3	0.1072	0.60294
4	0.0694	0.60294
5	0.0428	0.60294
6	0.0258	0.60294
7	0.008	0.60294
8	0.004	0.60294
9	0.0014	0.60294
10	0.001	0.60294
