pontuacao	frequencia	media
-3	0.0012	-0.7941800000000191
-2	0.0352	-0.7941800000000191
-1	0.325	-0.7941800000000191
