pontuacao	frequencia	media
-3	0.0002	0.5406400000000005
-2	0.0046	0.5406400000000005
-1	0.0774	0.5406400000000005
0	0.2912	0.5406400000000005
1	0.327	0.5406400000000005
2	0.2014	0.5406400000000005
3	0.0736	0.5406400000000005
4	0.019	0.5406400000000005
5	0.0052	0.5406400000000005
6	0.0002	0.5406400000000005
