pontuacao	frequencia	media
-3	0.0026	-0.7905400000000169
-2	0.0352	-0.7905400000000169
-1	0.325	-0.7905400000000169
