pontuacao	frequencia	media
-1	0.0078	1.4124399999999624
0	0.3536	1.4124399999999624
1	0.0292	1.4124399999999624
2	0.3486	1.4124399999999624
3	0.0482	1.4124399999999624
4	0.1288	1.4124399999999624
5	0.041	1.4124399999999624
6	0.0232	1.4124399999999624
7	0.0172	1.4124399999999624
8	0.0002	1.4124399999999624
9	0.0018	1.4124399999999624
10	0.0	1.4124399999999624
11	0.0002	1.4124399999999624
