pontuacao	frequencia	media
-5	0.0022	-1.8183600000000377
-4	0.0198	-1.8183600000000377
-3	0.0916	-1.8183600000000377
-2	0.3162	-1.8183600000000377
-1	0.4182	-1.8183600000000377
