pontuacao	frequencia	media
-7	0.001	0.4366400000000058
-6	0.0006	0.4366400000000058
-5	0.0054	0.4366400000000058
-4	0.0152	0.4366400000000058
-3	0.0372	0.4366400000000058
-2	0.0784	0.4366400000000058
-1	0.1368	0.4366400000000058
0	0.1782	0.4366400000000058
1	0.1646	0.4366400000000058
2	0.1562	0.4366400000000058
3	0.1004	0.4366400000000058
4	0.0614	0.4366400000000058
5	0.035	0.4366400000000058
6	0.0176	0.4366400000000058
7	0.0082	0.4366400000000058
8	0.0028	0.4366400000000058
