pontuacao	frequencia	media
-6	0.0002	-1.7924200000000423
-5	0.0016	-1.7924200000000423
-4	0.0176	-1.7924200000000423
-3	0.0962	-1.7924200000000423
-2	0.2998	-1.7924200000000423
-1	0.4194	-1.7924200000000423
