pontuacao	frequencia	media
-6	0.0004	0.23266000000000794
-5	0.002	0.23266000000000794
-4	0.007	0.23266000000000794
-3	0.022	0.23266000000000794
-2	0.0598	0.23266000000000794
-1	0.1092	0.23266000000000794
0	0.2102	0.23266000000000794
1	0.3084	0.23266000000000794
2	0.1946	0.23266000000000794
3	0.0716	0.23266000000000794
4	0.0128	0.23266000000000794
