pontuacao	frequencia	media
-2	0.0012	-0.10114000000000184
-1	0.0714	-0.10114000000000184
0	0.5362	-0.10114000000000184
1	0.3524	-0.10114000000000184
2	0.0362	-0.10114000000000184
