pontuacao	frequencia	media
-6	0.0004	2.90634
-5	0.0016	2.90634
-4	0.0042	2.90634
-3	0.0098	2.90634
-2	0.0238	2.90634
-1	0.0432	2.90634
0	0.0802	2.90634
1	0.1044	2.90634
2	0.1402	2.90634
3	0.1286	2.90634
4	0.1308	2.90634
5	0.1098	2.90634
6	0.0814	2.90634
7	0.0586	2.90634
8	0.0342	2.90634
9	0.0208	2.90634
10	0.0128	2.90634
11	0.0078	2.90634
12	0.0044	2.90634
13	0.0016	2.90634
14	0.0012	2.90634
15	0.0	2.90634
16	0.0	2.90634
17	0.0	2.90634
