pontuacao	frequencia	media
-3	0.0004	1.0342599999999618
-2	0.0048	1.0342599999999618
-1	0.0494	1.0342599999999618
0	0.2038	1.0342599999999618
1	0.2986	1.0342599999999618
2	0.242	1.0342599999999618
3	0.1252	1.0342599999999618
4	0.0502	1.0342599999999618
5	0.0178	1.0342599999999618
6	0.0058	1.0342599999999618
7	0.0016	1.0342599999999618
