pontuacao	frequencia	media
-9	0.0006	-1.3660199999999971
-8	0.0014	-1.3660199999999971
-7	0.0054	-1.3660199999999971
-6	0.011	-1.3660199999999971
-5	0.028	-1.3660199999999971
-4	0.0544	-1.3660199999999971
-3	0.1012	-1.3660199999999971
-2	0.1614	-1.3660199999999971
-1	0.2092	-1.3660199999999971
0	0.1982	-1.3660199999999971
1	0.1226	-1.3660199999999971
2	0.0634	-1.3660199999999971
3	0.0288	-1.3660199999999971
4	0.0092	-1.3660199999999971
5	0.0032	-1.3660199999999971
6	0.0014	-1.3660199999999971
