pontuacao	frequencia	media
-3	0.0008	0.16366000000000233
-2	0.0244	0.16366000000000233
-1	0.1848	0.16366000000000233
0	0.3588	0.16366000000000233
1	0.183	0.16366000000000233
2	0.1516	0.16366000000000233
3	0.0586	0.16366000000000233
4	0.0256	0.16366000000000233
5	0.0082	0.16366000000000233
6	0.0032	0.16366000000000233
7	0.0006	0.16366000000000233
