pontuacao	frequencia	media
-6	0.0024	-0.21197999999999578
-5	0.003	-0.21197999999999578
-4	0.0174	-0.21197999999999578
-3	0.0234	-0.21197999999999578
-2	0.119	-0.21197999999999578
-1	0.1112	-0.21197999999999578
0	0.3516	-0.21197999999999578
1	0.178	-0.21197999999999578
2	0.1216	-0.21197999999999578
3	0.0458	-0.21197999999999578
4	0.0216	-0.21197999999999578
5	0.002	-0.21197999999999578
6	0.002	-0.21197999999999578
