pontuacao	frequencia	media
-7	0.0004	-0.22979999999999887
-6	0.002	-0.22979999999999887
-5	0.0066	-0.22979999999999887
-4	0.019	-0.22979999999999887
-3	0.0422	-0.22979999999999887
-2	0.098	-0.22979999999999887
-1	0.1524	-0.22979999999999887
0	0.263	-0.22979999999999887
1	0.173	-0.22979999999999887
2	0.1352	-0.22979999999999887
3	0.0616	-0.22979999999999887
4	0.031	-0.22979999999999887
5	0.0092	-0.22979999999999887
6	0.0038	-0.22979999999999887
7	0.002	-0.22979999999999887
