pontuacao	frequencia	media
-3	0.0002	-0.18479999999999772
-2	0.0148	-0.18479999999999772
-1	0.181	-0.18479999999999772
0	0.5216	-0.18479999999999772
1	0.1616	-0.18479999999999772
2	0.0968	-0.18479999999999772
3	0.0166	-0.18479999999999772
4	0.0066	-0.18479999999999772
5	0.0006	-0.18479999999999772
