pontuacao	frequencia	media
-1	0.0078	0.6967599999999899
0	0.3718	0.6967599999999899
1	0.36	0.6967599999999899
2	0.1824	0.6967599999999899
3	0.0568	0.6967599999999899
4	0.0154	0.6967599999999899
5	0.0054	0.6967599999999899
6	0.0002	0.6967599999999899
