pontuacao	frequencia	media
-9	0.0002	0.18802000000000468
-8	0.0002	0.18802000000000468
-7	0.0004	0.18802000000000468
-6	0.0008	0.18802000000000468
-5	0.001	0.18802000000000468
-4	0.0112	0.18802000000000468
-3	0.0226	0.18802000000000468
-2	0.0584	0.18802000000000468
-1	0.1102	0.18802000000000468
0	0.2228	0.18802000000000468
1	0.2948	0.18802000000000468
2	0.194	0.18802000000000468
3	0.066	0.18802000000000468
4	0.0158	0.18802000000000468
