pontuacao	frequencia	media
-2	0.0024	4.65368
-1	0.0232	4.65368
0	0.082	4.65368
1	0.0966	4.65368
2	0.1236	4.65368
3	0.0952	4.65368
4	0.0838	4.65368
5	0.0862	4.65368
6	0.0848	4.65368
7	0.077	4.65368
8	0.0538	4.65368
9	0.0442	4.65368
10	0.0352	4.65368
11	0.0256	4.65368
12	0.0246	4.65368
13	0.017	4.65368
14	0.0126	4.65368
15	0.0086	4.65368
16	0.0058	4.65368
17	0.006	4.65368
18	0.0032	4.65368
19	0.0024	4.65368
20	0.002	4.65368
21	0.0014	4.65368
22	0.0014	4.65368
23	0.0004	4.65368
