pontuacao	frequencia	media
1	0.2048	2.203000000000013
2	0.1656	2.203000000000013
3	0.1932	2.203000000000013
4	0.1646	2.203000000000013
5	0.047	2.203000000000013
6	0.0478	2.203000000000013
7	0.0246	2.203000000000013
8	0.0086	2.203000000000013
9	0.0038	2.203000000000013
10	0.001	2.203000000000013
11	0.0004	2.203000000000013
