pontuacao	frequencia	media
-1	0.002	1.4090399999999665
0	0.1456	1.4090399999999665
1	0.2856	1.4090399999999665
2	0.2822	1.4090399999999665
3	0.1726	1.4090399999999665
4	0.0748	1.4090399999999665
5	0.0276	1.4090399999999665
6	0.008	1.4090399999999665
7	0.0012	1.4090399999999665
8	0.0002	1.4090399999999665
