pontuacao	frequencia	media
-2	0.0034	1.6675399999999412
-1	0.043	1.6675399999999412
0	0.1992	1.6675399999999412
1	0.1602	1.6675399999999412
2	0.2214	1.6675399999999412
3	0.162	1.6675399999999412
4	0.1078	1.6675399999999412
5	0.0438	1.6675399999999412
6	0.0364	1.6675399999999412
7	0.0156	1.6675399999999412
8	0.0044	1.6675399999999412
9	0.0014	1.6675399999999412
10	0.0004	1.6675399999999412
