pontuacao	frequencia	media
-6	0.0006	-2.1948799999999946
-5	0.005	-2.1948799999999946
-4	0.034	-2.1948799999999946
-3	0.16	-2.1948799999999946
-2	0.3834	-2.1948799999999946
-1	0.3274	-2.1948799999999946
