pontuacao	frequencia	media
-7	0.001	-0.25815999999999745
-6	0.0016	-0.25815999999999745
-5	0.0086	-0.25815999999999745
-4	0.017	-0.25815999999999745
-3	0.046	-0.25815999999999745
-2	0.0934	-0.25815999999999745
-1	0.1962	-0.25815999999999745
0	0.2272	-0.25815999999999745
1	0.174	-0.25815999999999745
2	0.1202	-0.25815999999999745
3	0.0632	-0.25815999999999745
4	0.0294	-0.25815999999999745
5	0.0134	-0.25815999999999745
6	0.0056	-0.25815999999999745
7	0.0028	-0.25815999999999745
