pontuacao	frequencia	media
-7	0.0004	0.3461999999999975
-6	0.001	0.3461999999999975
-5	0.002	0.3461999999999975
-4	0.0104	0.3461999999999975
-3	0.0292	0.3461999999999975
-2	0.062	0.3461999999999975
-1	0.1334	0.3461999999999975
0	0.2204	0.3461999999999975
1	0.1984	0.3461999999999975
2	0.1582	0.3461999999999975
3	0.0992	0.3461999999999975
4	0.0482	0.3461999999999975
5	0.0224	0.3461999999999975
6	0.0092	0.3461999999999975
7	0.0038	0.3461999999999975
8	0.0014	0.3461999999999975
