pontuacao	frequencia	media
-2	0.002	2.2021400000000075
-1	0.032	2.2021400000000075
0	0.1248	2.2021400000000075
1	0.1638	2.2021400000000075
2	0.2068	2.2021400000000075
3	0.1688	2.2021400000000075
4	0.1314	2.2021400000000075
5	0.0788	2.2021400000000075
6	0.0444	2.2021400000000075
7	0.0278	2.2021400000000075
8	0.0124	2.2021400000000075
9	0.0036	2.2021400000000075
10	0.002	2.2021400000000075
11	0.0008	2.2021400000000075
