pontuacao	frequencia	media
-3	0.0006	0.46472000000000746
-2	0.0128	0.46472000000000746
-1	0.0934	0.46472000000000746
0	0.2926	0.46472000000000746
1	0.3084	0.46472000000000746
2	0.1838	0.46472000000000746
3	0.0788	0.46472000000000746
4	0.0228	0.46472000000000746
5	0.005	0.46472000000000746
6	0.0012	0.46472000000000746
