pontuacao	frequencia	media
-4	0.002	0.16558000000000014
-3	0.01	0.16558000000000014
-2	0.0626	0.16558000000000014
-1	0.183	0.16558000000000014
0	0.261	0.16558000000000014
1	0.2088	0.16558000000000014
2	0.14	0.16558000000000014
3	0.0744	0.16558000000000014
4	0.0368	0.16558000000000014
5	0.0142	0.16558000000000014
6	0.0054	0.16558000000000014
7	0.001	0.16558000000000014
8	0.0006	0.16558000000000014
9	0.0	0.16558000000000014
