pontuacao	frequencia	media
-3	0.0004	-0.39791999999998434
-2	0.011	-0.39791999999998434
-1	0.181	-0.39791999999998434
0	0.5972	-0.39791999999998434
1	0.198	-0.39791999999998434
2	0.0118	-0.39791999999998434
