pontuacao	frequencia	media
-3	0.0006	0.3978400000000106
-2	0.019	0.3978400000000106
-1	0.1164	0.3978400000000106
0	0.2848	0.3978400000000106
1	0.293	0.3978400000000106
2	0.1838	0.3978400000000106
3	0.0738	0.3978400000000106
4	0.0222	0.3978400000000106
5	0.005	0.3978400000000106
6	0.0008	0.3978400000000106
