pontuacao	frequencia	media
-3	0.0032	1.2096599999999496
-2	0.028	1.2096599999999496
-1	0.1094	1.2096599999999496
0	0.185	1.2096599999999496
1	0.1666	1.2096599999999496
2	0.1996	1.2096599999999496
3	0.149	1.2096599999999496
4	0.0774	1.2096599999999496
5	0.0404	1.2096599999999496
6	0.0258	1.2096599999999496
7	0.0106	1.2096599999999496
8	0.004	1.2096599999999496
9	0.0002	1.2096599999999496
10	0.0006	1.2096599999999496
