pontuacao	frequencia	media
-1	0.0116	0.8821599999999844
0	0.2176	0.8821599999999844
1	0.3692	0.8821599999999844
2	0.25	0.8821599999999844
3	0.1336	0.8821599999999844
4	0.0146	0.8821599999999844
5	0.0032	0.8821599999999844
6	0.0	0.8821599999999844
