pontuacao	frequencia	media
-9	0.0002	-0.2754199999999953
-8	0.0	-0.2754199999999953
-7	0.0004	-0.2754199999999953
-6	0.0012	-0.2754199999999953
-5	0.0026	-0.2754199999999953
-4	0.0108	-0.2754199999999953
-3	0.0306	-0.2754199999999953
-2	0.0786	-0.2754199999999953
-1	0.1686	-0.2754199999999953
0	0.305	-0.2754199999999953
1	0.227	-0.2754199999999953
2	0.1144	-0.2754199999999953
3	0.0418	-0.2754199999999953
4	0.0136	-0.2754199999999953
5	0.0036	-0.2754199999999953
6	0.0014	-0.2754199999999953
