pontuacao	frequencia	media
-8	0.0002	-1.7399600000000115
-7	0.0	-1.7399600000000115
-6	0.0014	-1.7399600000000115
-5	0.0122	-1.7399600000000115
-4	0.0484	-1.7399600000000115
-3	0.1594	-1.7399600000000115
-2	0.2568	-1.7399600000000115
-1	0.2358	-1.7399600000000115
0	0.1484	-1.7399600000000115
1	0.0836	-1.7399600000000115
2	0.036	-1.7399600000000115
3	0.0132	-1.7399600000000115
4	0.0028	-1.7399600000000115
5	0.0014	-1.7399600000000115
