pontuacao	frequencia	media
-2	0.0122	0.14116000000000106
-1	0.1462	0.14116000000000106
0	0.4808	0.14116000000000106
1	0.1438	0.14116000000000106
2	0.1478	0.14116000000000106
3	0.0414	0.14116000000000106
4	0.023	0.14116000000000106
5	0.0032	0.14116000000000106
6	0.0012	0.14116000000000106
