pontuacao	frequencia	media
-2	0.004	0.5697999999999994
-1	0.0714	0.5697999999999994
0	0.399	0.5697999999999994
1	0.1804	0.5697999999999994
2	0.217	0.5697999999999994
3	0.0664	0.5697999999999994
4	0.0442	0.5697999999999994
5	0.0112	0.5697999999999994
6	0.0046	0.5697999999999994
7	0.0014	0.5697999999999994
