pontuacao	frequencia	media
-3	0.0026	-0.7099200000000007
-2	0.0542	-0.7099200000000007
-1	0.3132	-0.7099200000000007
0	0.461	-0.7099200000000007
1	0.154	-0.7099200000000007
2	0.014	-0.7099200000000007
