pontuacao	frequencia	media
-3	0.0002	0.20430000000000223
-2	0.0112	0.20430000000000223
-1	0.1278	0.20430000000000223
0	0.3968	0.20430000000000223
1	0.2404	0.20430000000000223
2	0.1432	0.20430000000000223
3	0.0562	0.20430000000000223
4	0.0196	0.20430000000000223
5	0.0038	0.20430000000000223
6	0.0004	0.20430000000000223
7	0.0	0.20430000000000223
