pontuacao	frequencia	media
-3	0.0004	0.5938799999999994
-2	0.0156	0.5938799999999994
-1	0.1132	0.5938799999999994
0	0.3102	0.5938799999999994
1	0.213	0.5938799999999994
2	0.1836	0.5938799999999994
3	0.086	0.5938799999999994
4	0.0506	0.5938799999999994
5	0.0182	0.5938799999999994
6	0.0072	0.5938799999999994
7	0.0016	0.5938799999999994
8	0.0002	0.5938799999999994
