pontuacao	frequencia	media
-3	0.0002	0.4018200000000136
-2	0.0058	0.4018200000000136
-1	0.105	0.4018200000000136
0	0.4998	0.4018200000000136
1	0.0684	0.4018200000000136
2	0.232	0.4018200000000136
3	0.0386	0.4018200000000136
4	0.0378	0.4018200000000136
5	0.006	0.4018200000000136
6	0.0046	0.4018200000000136
7	0.0016	0.4018200000000136
