pontuacao	frequencia	media
-5	0.0004	1.5662599999999878
-4	0.0008	1.5662599999999878
-3	0.0078	1.5662599999999878
-2	0.0274	1.5662599999999878
-1	0.0788	1.5662599999999878
0	0.1436	1.5662599999999878
1	0.1804	1.5662599999999878
2	0.1782	1.5662599999999878
3	0.145	1.5662599999999878
4	0.1012	1.5662599999999878
5	0.0592	1.5662599999999878
6	0.0406	1.5662599999999878
7	0.0202	1.5662599999999878
8	0.0096	1.5662599999999878
9	0.0038	1.5662599999999878
10	0.0024	1.5662599999999878
