pontuacao	frequencia	media
-5	0.0016	0.6771799999999999
-4	0.0044	0.6771799999999999
-3	0.0192	0.6771799999999999
-2	0.0664	0.6771799999999999
-1	0.1262	0.6771799999999999
0	0.1908	0.6771799999999999
1	0.1872	0.6771799999999999
2	0.1652	0.6771799999999999
3	0.1092	0.6771799999999999
4	0.068	0.6771799999999999
5	0.0316	0.6771799999999999
6	0.015	0.6771799999999999
7	0.0094	0.6771799999999999
8	0.004	0.6771799999999999
9	0.0008	0.6771799999999999
10	0.0006	0.6771799999999999
