pontuacao	frequencia	media
-2	0.0026	2.016779999999996
-1	0.0228	2.016779999999996
0	0.1118	2.016779999999996
1	0.1994	2.016779999999996
2	0.217	2.016779999999996
3	0.1788	2.016779999999996
4	0.1238	2.016779999999996
5	0.0752	2.016779999999996
6	0.0398	2.016779999999996
7	0.0148	2.016779999999996
8	0.0062	2.016779999999996
9	0.0052	2.016779999999996
10	0.002	2.016779999999996
11	0.0004	2.016779999999996
