pontuacao	frequencia	media
-1	0.0004	1.7044199999999483
0	0.1432	1.7044199999999483
1	0.2704	1.7044199999999483
2	0.2426	1.7044199999999483
3	0.164	1.7044199999999483
4	0.0986	1.7044199999999483
5	0.0482	1.7044199999999483
6	0.0202	1.7044199999999483
7	0.0088	1.7044199999999483
8	0.002	1.7044199999999483
9	0.001	1.7044199999999483
