pontuacao	frequencia	media
-5	0.0002	-0.8051600000000001
-4	0.0028	-0.8051600000000001
-3	0.0372	-0.8051600000000001
-2	0.143	-0.8051600000000001
-1	0.3038	-0.8051600000000001
0	0.287	-0.8051600000000001
1	0.129	-0.8051600000000001
2	0.065	-0.8051600000000001
3	0.0216	-0.8051600000000001
4	0.0088	-0.8051600000000001
5	0.001	-0.8051600000000001
