pontuacao	frequencia	media
-3	0.0006	0.1917400000000043
-2	0.0176	0.1917400000000043
-1	0.1712	0.1917400000000043
0	0.4322	0.1917400000000043
1	0.1052	0.1917400000000043
2	0.1916	0.1917400000000043
3	0.0426	0.1917400000000043
4	0.027	0.1917400000000043
5	0.0078	0.1917400000000043
6	0.0036	0.1917400000000043
7	0.0004	0.1917400000000043
8	0.0	0.1917400000000043
