pontuacao	frequencia	media
-2	0.0016	0.18406000000000333
-1	0.0618	0.18406000000000333
0	0.6556	0.18406000000000333
1	0.0422	0.18406000000000333
2	0.1974	0.18406000000000333
3	0.0144	0.18406000000000333
4	0.0226	0.18406000000000333
5	0.0022	0.18406000000000333
6	0.0016	0.18406000000000333
