pontuacao	frequencia	media
-2	0.0002	-0.2969399999999884
-1	0.0182	-0.2969399999999884
