pontuacao	frequencia	media
1	0.368	0.6922999999999873
2	0.1762	0.6922999999999873
3	0.0786	0.6922999999999873
4	0.0032	0.6922999999999873
