pontuacao	frequencia	media
-4	0.0002	0.0809399999999998
-3	0.0084	0.0809399999999998
-2	0.0418	0.0809399999999998
-1	0.1578	0.0809399999999998
0	0.2802	0.0809399999999998
1	0.2886	0.0809399999999998
2	0.1536	0.0809399999999998
3	0.0552	0.0809399999999998
4	0.0118	0.0809399999999998
5	0.002	0.0809399999999998
