pontuacao	frequencia	media
-1	0.0072	0.7104599999999875
0	0.3694	0.7104599999999875
1	0.354	0.7104599999999875
2	0.1832	0.7104599999999875
3	0.0676	0.7104599999999875
4	0.015	0.7104599999999875
5	0.0032	0.7104599999999875
