pontuacao	frequencia	media
-8	0.0002	-0.13700000000000012
-7	0.0004	-0.13700000000000012
-6	0.0012	-0.13700000000000012
-5	0.0084	-0.13700000000000012
-4	0.0198	-0.13700000000000012
-3	0.043	-0.13700000000000012
-2	0.0946	-0.13700000000000012
-1	0.1642	-0.13700000000000012
0	0.2152	-0.13700000000000012
1	0.1928	-0.13700000000000012
2	0.1302	-0.13700000000000012
3	0.0678	-0.13700000000000012
4	0.0372	-0.13700000000000012
5	0.0184	-0.13700000000000012
6	0.0048	-0.13700000000000012
