pontuacao	frequencia	media
-4	0.0002	0.10999999999999997
-3	0.0072	0.10999999999999997
-2	0.052	0.10999999999999997
-1	0.1934	0.10999999999999997
0	0.286	0.10999999999999997
1	0.2144	0.10999999999999997
2	0.1384	0.10999999999999997
3	0.063	0.10999999999999997
4	0.0288	0.10999999999999997
5	0.0106	0.10999999999999997
6	0.0042	0.10999999999999997
7	0.0006	0.10999999999999997
8	0.0008	0.10999999999999997
