pontuacao	frequencia	media
-4	0.0002	-0.8130200000000161
-3	0.0028	-0.8130200000000161
-2	0.0424	-0.8130200000000161
-1	0.3312	-0.8130200000000161
