pontuacao	frequencia	media
-7	0.0002	-1.7504200000000116
-6	0.0026	-1.7504200000000116
-5	0.0116	-1.7504200000000116
-4	0.052	-1.7504200000000116
-3	0.1514	-1.7504200000000116
-2	0.2554	-1.7504200000000116
-1	0.2524	-1.7504200000000116
0	0.1438	-1.7504200000000116
1	0.081	-1.7504200000000116
2	0.0288	-1.7504200000000116
3	0.0138	-1.7504200000000116
4	0.0052	-1.7504200000000116
5	0.001	-1.7504200000000116
6	0.0004	-1.7504200000000116
7	0.0002	-1.7504200000000116
