pontuacao	frequencia	media
-5	0.0002	1.9413800000000028
-4	0.0004	1.9413800000000028
-3	0.0022	1.9413800000000028
-2	0.0106	1.9413800000000028
-1	0.0524	1.9413800000000028
0	0.1132	1.9413800000000028
1	0.1772	1.9413800000000028
2	0.1948	1.9413800000000028
3	0.1704	1.9413800000000028
4	0.1254	1.9413800000000028
5	0.077	1.9413800000000028
6	0.0412	1.9413800000000028
7	0.0196	1.9413800000000028
8	0.0086	1.9413800000000028
9	0.0044	1.9413800000000028
10	0.0014	1.9413800000000028
