pontuacao	frequencia	media
-6	0.001	1.1500200000000063
-5	0.0026	1.1500200000000063
-4	0.0076	1.1500200000000063
-3	0.0198	1.1500200000000063
-2	0.0416	1.1500200000000063
-1	0.0816	1.1500200000000063
0	0.1466	1.1500200000000063
1	0.1838	1.1500200000000063
2	0.1818	1.1500200000000063
3	0.1466	1.1500200000000063
4	0.096	1.1500200000000063
5	0.0532	1.1500200000000063
6	0.0218	1.1500200000000063
7	0.0112	1.1500200000000063
8	0.0028	1.1500200000000063
9	0.0012	1.1500200000000063
