pontuacao	frequencia	media
-5	0.0002	-0.8127800000000016
-4	0.0042	-0.8127800000000016
-3	0.0344	-0.8127800000000016
-2	0.1438	-0.8127800000000016
-1	0.3042	-0.8127800000000016
0	0.2784	-0.8127800000000016
1	0.143	-0.8127800000000016
2	0.0626	-0.8127800000000016
3	0.02	-0.8127800000000016
4	0.006	-0.8127800000000016
5	0.0026	-0.8127800000000016
