pontuacao	frequencia	media
-6	0.0002	-1.8027200000000427
-5	0.0026	-1.8027200000000427
-4	0.018	-1.8027200000000427
-3	0.0986	-1.8027200000000427
-2	0.2952	-1.8027200000000427
-1	0.4322	-1.8027200000000427
