pontuacao	frequencia	media
-2	0.0002	2.2523999999999984
-1	0.009	2.2523999999999984
0	0.138	2.2523999999999984
1	0.1572	2.2523999999999984
2	0.198	2.2523999999999984
3	0.1722	2.2523999999999984
4	0.1268	2.2523999999999984
5	0.0956	2.2523999999999984
6	0.0542	2.2523999999999984
7	0.0262	2.2523999999999984
8	0.0152	2.2523999999999984
9	0.0052	2.2523999999999984
10	0.0012	2.2523999999999984
11	0.0008	2.2523999999999984
