pontuacao	frequencia	media
-3	0.001	1.6246400000000052
-2	0.0164	1.6246400000000052
-1	0.0828	1.6246400000000052
0	0.1638	1.6246400000000052
1	0.1692	1.6246400000000052
2	0.1806	1.6246400000000052
3	0.1496	1.6246400000000052
4	0.1012	1.6246400000000052
5	0.0614	1.6246400000000052
6	0.0352	1.6246400000000052
7	0.0204	1.6246400000000052
8	0.0102	1.6246400000000052
9	0.0052	1.6246400000000052
10	0.0018	1.6246400000000052
11	0.001	1.6246400000000052
12	0.0	1.6246400000000052
