pontuacao	frequencia	media
-10	0.0002	-1.9528000000000048
-9	0.0	-1.9528000000000048
-8	0.0014	-1.9528000000000048
-7	0.003	-1.9528000000000048
-6	0.0112	-1.9528000000000048
-5	0.0332	-1.9528000000000048
-4	0.0644	-1.9528000000000048
-3	0.135	-1.9528000000000048
-2	0.2232	-1.9528000000000048
-1	0.2556	-1.9528000000000048
0	0.1686	-1.9528000000000048
1	0.0716	-1.9528000000000048
2	0.023	-1.9528000000000048
3	0.007	-1.9528000000000048
4	0.0018	-1.9528000000000048
5	0.0006	-1.9528000000000048
