pontuacao	frequencia	media
-16	0.0002	-2.801159999999956
-15	0.0	-2.801159999999956
-14	0.0	-2.801159999999956
-13	0.0	-2.801159999999956
-12	0.0008	-2.801159999999956
-11	0.0006	-2.801159999999956
-10	0.0018	-2.801159999999956
-9	0.0044	-2.801159999999956
-8	0.013	-2.801159999999956
-7	0.022	-2.801159999999956
-6	0.0482	-2.801159999999956
-5	0.058	-2.801159999999956
-4	0.1306	-2.801159999999956
-3	0.1196	-2.801159999999956
-2	0.2506	-2.801159999999956
-1	0.1182	-2.801159999999956
