pontuacao	frequencia	media
-5	0.0002	-1.2993400000000508
-4	0.0028	-1.2993400000000508
-3	0.0252	-1.2993400000000508
-2	0.1634	-1.2993400000000508
-1	0.4784	-1.2993400000000508
