pontuacao	frequencia	media
-5	0.0002	-0.1365200000000003
-4	0.0034	-0.1365200000000003
-3	0.0214	-0.1365200000000003
-2	0.0924	-0.1365200000000003
-1	0.2204	-0.1365200000000003
0	0.251	-0.1365200000000003
1	0.1872	-0.1365200000000003
2	0.1192	-0.1365200000000003
3	0.0606	-0.1365200000000003
4	0.0262	-0.1365200000000003
5	0.0132	-0.1365200000000003
6	0.003	-0.1365200000000003
7	0.001	-0.1365200000000003
8	0.0004	-0.1365200000000003
9	0.0	-0.1365200000000003
10	0.0002	-0.1365200000000003
