pontuacao	frequencia	media
-3	0.0014	0.36746000000000734
-2	0.0234	0.36746000000000734
-1	0.1206	0.36746000000000734
0	0.2798	0.36746000000000734
1	0.2932	0.36746000000000734
2	0.18	0.36746000000000734
3	0.0744	0.36746000000000734
4	0.021	0.36746000000000734
5	0.0054	0.36746000000000734
6	0.0006	0.36746000000000734
