pontuacao	frequencia	media
-2	0.0052	1.2044399999999522
-1	0.0906	1.2044399999999522
0	0.2752	1.2044399999999522
1	0.0942	1.2044399999999522
2	0.2896	1.2044399999999522
3	0.0946	1.2044399999999522
4	0.0734	1.2044399999999522
5	0.032	1.2044399999999522
6	0.0278	1.2044399999999522
7	0.0136	1.2044399999999522
8	0.0022	1.2044399999999522
9	0.0006	1.2044399999999522
10	0.0004	1.2044399999999522
