pontuacao	frequencia	media
-2	0.0002	0.8647599999999873
-1	0.0178	0.8647599999999873
0	0.1682	0.8647599999999873
1	0.4104	0.8647599999999873
2	0.2974	0.8647599999999873
3	0.0884	0.8647599999999873
4	0.0168	0.8647599999999873
