pontuacao	frequencia	media
-5	0.0002	0.37036000000001
-4	0.0014	0.37036000000001
-3	0.0096	0.37036000000001
-2	0.0704	0.37036000000001
-1	0.184	0.37036000000001
0	0.212	0.37036000000001
1	0.1966	0.37036000000001
2	0.1484	0.37036000000001
3	0.0904	0.37036000000001
4	0.043	0.37036000000001
5	0.0274	0.37036000000001
6	0.0112	0.37036000000001
7	0.003	0.37036000000001
8	0.0014	0.37036000000001
