pontuacao	frequencia	media
-4	0.0002	-0.15535999999999797
-3	0.0036	-0.15535999999999797
-2	0.052	-0.15535999999999797
-1	0.2336	-0.15535999999999797
0	0.3422	-0.15535999999999797
1	0.1938	-0.15535999999999797
2	0.106	-0.15535999999999797
3	0.0468	-0.15535999999999797
4	0.0154	-0.15535999999999797
5	0.0042	-0.15535999999999797
6	0.0016	-0.15535999999999797
7	0.0004	-0.15535999999999797
