pontuacao	frequencia	media
-2	0.0064	2.1339400000000017
-1	0.0482	2.1339400000000017
0	0.1256	2.1339400000000017
1	0.1518	2.1339400000000017
2	0.1944	2.1339400000000017
3	0.161	2.1339400000000017
4	0.1288	2.1339400000000017
5	0.08	2.1339400000000017
6	0.0544	2.1339400000000017
7	0.0258	2.1339400000000017
8	0.0128	2.1339400000000017
9	0.0064	2.1339400000000017
10	0.0024	2.1339400000000017
11	0.0014	2.1339400000000017
12	0.0002	2.1339400000000017
