pontuacao	frequencia	media
-4	0.0002	1.4599999999999755
-3	0.003	1.4599999999999755
-2	0.024	1.4599999999999755
-1	0.0948	1.4599999999999755
0	0.1608	1.4599999999999755
1	0.1844	1.4599999999999755
2	0.1768	1.4599999999999755
3	0.1368	1.4599999999999755
4	0.0966	1.4599999999999755
5	0.0566	1.4599999999999755
6	0.0364	1.4599999999999755
7	0.016	1.4599999999999755
8	0.0076	1.4599999999999755
9	0.0036	1.4599999999999755
10	0.0018	1.4599999999999755
