pontuacao	frequencia	media
-2	0.0114	0.7529200000000015
-1	0.1208	0.7529200000000015
0	0.2682	0.7529200000000015
1	0.193	0.7529200000000015
2	0.189	0.7529200000000015
3	0.1124	0.7529200000000015
4	0.0534	0.7529200000000015
5	0.0348	0.7529200000000015
6	0.0074	0.7529200000000015
7	0.0066	0.7529200000000015
8	0.0014	0.7529200000000015
9	0.0008	0.7529200000000015
10	0.0	0.7529200000000015
11	0.0002	0.7529200000000015
12	0.0002	0.7529200000000015
