pontuacao	frequencia	media
-4	0.0026	0.006219999999999929
-3	0.0214	0.006219999999999929
-2	0.1084	0.006219999999999929
-1	0.2038	0.006219999999999929
0	0.2162	0.006219999999999929
1	0.1802	0.006219999999999929
2	0.133	0.006219999999999929
3	0.0706	0.006219999999999929
4	0.0356	0.006219999999999929
5	0.0164	0.006219999999999929
6	0.0072	0.006219999999999929
7	0.0024	0.006219999999999929
8	0.0014	0.006219999999999929
