pontuacao	frequencia	media
-3	0.0052	-1.1928599999999954
-2	0.108	-1.1928599999999954
-1	0.4532	-1.1928599999999954
