pontuacao	frequencia	media
-3	0.0016	0.991860000000001
-2	0.0178	0.991860000000001
-1	0.119	0.991860000000001
0	0.2022	0.991860000000001
1	0.2194	0.991860000000001
2	0.1804	0.991860000000001
3	0.127	0.991860000000001
4	0.0644	0.991860000000001
5	0.0386	0.991860000000001
6	0.0152	0.991860000000001
7	0.0082	0.991860000000001
8	0.0044	0.991860000000001
9	0.001	0.991860000000001
10	0.0004	0.991860000000001
11	0.0	0.991860000000001
12	0.0002	0.991860000000001
