pontuacao	frequencia	media
-3	0.0012	1.1199599999999985
-2	0.0136	1.1199599999999985
-1	0.0962	1.1199599999999985
0	0.2114	1.1199599999999985
1	0.2016	1.1199599999999985
2	0.1828	1.1199599999999985
3	0.1368	1.1199599999999985
4	0.0882	1.1199599999999985
5	0.0396	1.1199599999999985
6	0.0184	1.1199599999999985
7	0.0068	1.1199599999999985
8	0.0012	1.1199599999999985
9	0.0016	1.1199599999999985
