pontuacao	frequencia	media
-4	0.0002	0.8788399999999751
-3	0.0014	0.8788399999999751
-2	0.0106	0.8788399999999751
-1	0.0872	0.8788399999999751
0	0.2388	0.8788399999999751
1	0.2632	0.8788399999999751
2	0.195	0.8788399999999751
3	0.1178	0.8788399999999751
4	0.052	0.8788399999999751
5	0.0234	0.8788399999999751
6	0.0076	0.8788399999999751
7	0.0022	0.8788399999999751
8	0.0002	0.8788399999999751
