pontuacao	frequencia	media
-3	0.002	0.8317000000000025
-2	0.0196	0.8317000000000025
-1	0.0948	0.8317000000000025
0	0.2166	0.8317000000000025
1	0.2494	0.8317000000000025
2	0.211	0.8317000000000025
3	0.1178	0.8317000000000025
4	0.055	0.8317000000000025
5	0.022	0.8317000000000025
6	0.0086	0.8317000000000025
7	0.002	0.8317000000000025
8	0.0008	0.8317000000000025
