pontuacao	frequencia	media
-1	0.0068	0.7056799999999865
0	0.3648	0.7056799999999865
1	0.3702	0.7056799999999865
2	0.1778	0.7056799999999865
3	0.0622	0.7056799999999865
4	0.0158	0.7056799999999865
5	0.002	0.7056799999999865
