pontuacao	frequencia	media
-9	0.0002	-1.0345200000000256
-8	0.0014	-1.0345200000000256
-7	0.0022	-1.0345200000000256
-6	0.0064	-1.0345200000000256
-5	0.0122	-1.0345200000000256
-4	0.0472	-1.0345200000000256
-3	0.0652	-1.0345200000000256
-2	0.1524	-1.0345200000000256
-1	0.164	-1.0345200000000256
0	0.302	-1.0345200000000256
1	0.1424	-1.0345200000000256
2	0.0702	-1.0345200000000256
3	0.0234	-1.0345200000000256
4	0.0084	-1.0345200000000256
5	0.0018	-1.0345200000000256
