pontuacao	frequencia	media
-3	0.0024	-0.7896000000000185
-2	0.0376	-0.7896000000000185
-1	0.3192	-0.7896000000000185
