pontuacao	frequencia	media
-2	0.0002	1.546499999999994
-1	0.0304	1.546499999999994
0	0.21	1.546499999999994
1	0.1906	1.546499999999994
2	0.2296	1.546499999999994
3	0.1328	1.546499999999994
4	0.1074	1.546499999999994
5	0.0572	1.546499999999994
6	0.0236	1.546499999999994
7	0.0116	1.546499999999994
8	0.0032	1.546499999999994
9	0.0026	1.546499999999994
10	0.0006	1.546499999999994
