pontuacao	frequencia	media
-3	0.0026	0.08413999999999845
-2	0.0378	0.08413999999999845
-1	0.2068	0.08413999999999845
0	0.3356	0.08413999999999845
1	0.1766	0.08413999999999845
2	0.1418	0.08413999999999845
3	0.0562	0.08413999999999845
4	0.028	0.08413999999999845
5	0.0088	0.08413999999999845
6	0.0036	0.08413999999999845
7	0.0018	0.08413999999999845
8	0.0002	0.08413999999999845
