pontuacao	frequencia	media
-6	0.0008	0.37000000000000377
-5	0.003	0.37000000000000377
-4	0.0078	0.37000000000000377
-3	0.0212	0.37000000000000377
-2	0.0568	0.37000000000000377
-1	0.1068	0.37000000000000377
0	0.2334	0.37000000000000377
1	0.231	0.37000000000000377
2	0.1758	0.37000000000000377
3	0.0988	0.37000000000000377
4	0.0414	0.37000000000000377
5	0.015	0.37000000000000377
6	0.006	0.37000000000000377
7	0.0016	0.37000000000000377
