pontuacao	frequencia	media
-5	0.002	-1.8207400000000393
-4	0.0176	-1.8207400000000393
-3	0.1008	-1.8207400000000393
-2	0.3034	-1.8207400000000393
-1	0.42	-1.8207400000000393
