pontuacao	frequencia	media
-4	0.0008	0.7023399999999853
-3	0.0096	0.7023399999999853
-2	0.0362	0.7023399999999853
-1	0.1068	0.7023399999999853
0	0.2174	0.7023399999999853
1	0.2374	0.7023399999999853
2	0.1974	0.7023399999999853
3	0.114	0.7023399999999853
4	0.056	0.7023399999999853
5	0.0204	0.7023399999999853
6	0.0034	0.7023399999999853
