pontuacao	frequencia	media
-2	0.0002	2.539060000000009
-1	0.003	2.539060000000009
0	0.0618	2.539060000000009
1	0.1692	2.539060000000009
2	0.2108	2.539060000000009
3	0.1988	2.539060000000009
4	0.1512	2.539060000000009
5	0.102	2.539060000000009
6	0.0544	2.539060000000009
7	0.0296	2.539060000000009
8	0.0108	2.539060000000009
9	0.0046	2.539060000000009
10	0.0024	2.539060000000009
11	0.001	2.539060000000009
12	0.0	2.539060000000009
