pontuacao	frequencia	media
-1	0.0002	4.331879999999986
0	0.0082	4.331879999999986
1	0.0398	4.331879999999986
2	0.0974	4.331879999999986
3	0.16	4.331879999999986
4	0.1758	4.331879999999986
5	0.1774	4.331879999999986
6	0.135	4.331879999999986
7	0.0888	4.331879999999986
8	0.0584	4.331879999999986
9	0.0294	4.331879999999986
10	0.0154	4.331879999999986
11	0.0082	4.331879999999986
12	0.0042	4.331879999999986
13	0.001	4.331879999999986
14	0.0006	4.331879999999986
