pontuacao	frequencia	media
-6	0.0018	0.8074800000000006
-5	0.0032	0.8074800000000006
-4	0.0148	0.8074800000000006
-3	0.0238	0.8074800000000006
-2	0.0608	0.8074800000000006
-1	0.0972	0.8074800000000006
0	0.1726	0.8074800000000006
1	0.1802	0.8074800000000006
2	0.1736	0.8074800000000006
3	0.1166	0.8074800000000006
4	0.0764	0.8074800000000006
5	0.0452	0.8074800000000006
6	0.0184	0.8074800000000006
7	0.0088	0.8074800000000006
8	0.0042	0.8074800000000006
9	0.0016	0.8074800000000006
