pontuacao	frequencia	media
-7	0.0004	0.06311999999999927
-6	0.0004	0.06311999999999927
-5	0.0022	0.06311999999999927
-4	0.0096	0.06311999999999927
-3	0.0242	0.06311999999999927
-2	0.0742	0.06311999999999927
-1	0.1258	0.06311999999999927
0	0.2732	0.06311999999999927
1	0.2422	0.06311999999999927
2	0.142	0.06311999999999927
3	0.0662	0.06311999999999927
4	0.0262	0.06311999999999927
5	0.0096	0.06311999999999927
6	0.0036	0.06311999999999927
7	0.0	0.06311999999999927
