pontuacao	frequencia	media
-8	0.0002	-0.6815799999999995
-7	0.001	-0.6815799999999995
-6	0.0034	-0.6815799999999995
-5	0.011	-0.6815799999999995
-4	0.0312	-0.6815799999999995
-3	0.066	-0.6815799999999995
-2	0.1386	-0.6815799999999995
-1	0.2104	-0.6815799999999995
0	0.199	-0.6815799999999995
1	0.158	-0.6815799999999995
2	0.0946	-0.6815799999999995
3	0.048	-0.6815799999999995
4	0.0232	-0.6815799999999995
5	0.011	-0.6815799999999995
6	0.0026	-0.6815799999999995
7	0.0014	-0.6815799999999995
