pontuacao	frequencia	media
-4	0.0006	0.6248599999999993
-3	0.0098	0.6248599999999993
-2	0.0454	0.6248599999999993
-1	0.1324	0.6248599999999993
0	0.2116	0.6248599999999993
1	0.2214	0.6248599999999993
2	0.1758	0.6248599999999993
3	0.1106	0.6248599999999993
4	0.0518	0.6248599999999993
5	0.0246	0.6248599999999993
6	0.0098	0.6248599999999993
7	0.0042	0.6248599999999993
8	0.001	0.6248599999999993
