pontuacao	frequencia	media
-3	0.0014	2.0511399999999997
-2	0.012	2.0511399999999997
-1	0.049	2.0511399999999997
0	0.1328	2.0511399999999997
1	0.1668	2.0511399999999997
2	0.1764	2.0511399999999997
3	0.1586	2.0511399999999997
4	0.1198	2.0511399999999997
5	0.0826	2.0511399999999997
6	0.0486	2.0511399999999997
7	0.027	2.0511399999999997
8	0.0156	2.0511399999999997
9	0.0054	2.0511399999999997
10	0.0024	2.0511399999999997
11	0.0014	2.0511399999999997
