pontuacao	frequencia	media
-5	0.001	-1.2817600000000098
-4	0.0058	-1.2817600000000098
-3	0.0424	-1.2817600000000098
-2	0.1794	-1.2817600000000098
-1	0.3946	-1.2817600000000098
0	0.2972	-1.2817600000000098
1	0.072	-1.2817600000000098
2	0.0074	-1.2817600000000098
