pontuacao	frequencia	media
-3	0.0004	1.2135600000000042
-2	0.0088	1.2135600000000042
-1	0.0632	1.2135600000000042
0	0.1694	1.2135600000000042
1	0.251	1.2135600000000042
2	0.2256	1.2135600000000042
3	0.15	1.2135600000000042
4	0.0744	1.2135600000000042
5	0.035	1.2135600000000042
6	0.0148	1.2135600000000042
7	0.0044	1.2135600000000042
8	0.0026	1.2135600000000042
