pontuacao	frequencia	media
-5	0.003	-2.3022999999999962
-4	0.0348	-2.3022999999999962
-3	0.1842	-2.3022999999999962
-2	0.4212	-2.3022999999999962
-1	0.298	-2.3022999999999962
