pontuacao	frequencia	media
-7	0.0004	-0.3528399999999956
-6	0.002	-0.3528399999999956
-5	0.005	-0.3528399999999956
-4	0.0134	-0.3528399999999956
-3	0.0454	-0.3528399999999956
-2	0.1014	-0.3528399999999956
-1	0.1492	-0.3528399999999956
0	0.2924	-0.3528399999999956
1	0.1988	-0.3528399999999956
2	0.1152	-0.3528399999999956
3	0.054	-0.3528399999999956
4	0.0136	-0.3528399999999956
5	0.0062	-0.3528399999999956
6	0.0026	-0.3528399999999956
