pontuacao	frequencia	media
-6	0.0008	0.23032000000000616
-5	0.0028	0.23032000000000616
-4	0.0106	0.23032000000000616
-3	0.02	0.23032000000000616
-2	0.0576	0.23032000000000616
-1	0.1108	0.23032000000000616
0	0.2038	0.23032000000000616
1	0.2996	0.23032000000000616
2	0.2112	0.23032000000000616
3	0.0682	0.23032000000000616
4	0.0134	0.23032000000000616
5	0.0008	0.23032000000000616
