pontuacao	frequencia	media
-8	0.0008	-0.5798600000000015
-7	0.002	-0.5798600000000015
-6	0.0034	-0.5798600000000015
-5	0.0098	-0.5798600000000015
-4	0.0294	-0.5798600000000015
-3	0.0718	-0.5798600000000015
-2	0.1234	-0.5798600000000015
-1	0.1856	-0.5798600000000015
0	0.2004	-0.5798600000000015
1	0.1722	-0.5798600000000015
2	0.108	-0.5798600000000015
3	0.0524	-0.5798600000000015
4	0.0246	-0.5798600000000015
5	0.011	-0.5798600000000015
6	0.0032	-0.5798600000000015
7	0.0016	-0.5798600000000015
