pontuacao	frequencia	media
-4	0.0008	-0.2835199999999882
-3	0.0094	-0.2835199999999882
-2	0.0718	-0.2835199999999882
-1	0.2416	-0.2835199999999882
0	0.3286	-0.2835199999999882
1	0.2116	-0.2835199999999882
2	0.0988	-0.2835199999999882
3	0.0278	-0.2835199999999882
4	0.0078	-0.2835199999999882
5	0.0016	-0.2835199999999882
