pontuacao	frequencia	media
-2	0.0006	1.6080799999999975
-1	0.0212	1.6080799999999975
0	0.2054	1.6080799999999975
1	0.1898	1.6080799999999975
2	0.238	1.6080799999999975
3	0.135	1.6080799999999975
4	0.1076	1.6080799999999975
5	0.0522	1.6080799999999975
6	0.0264	1.6080799999999975
7	0.014	1.6080799999999975
8	0.0058	1.6080799999999975
9	0.0024	1.6080799999999975
10	0.001	1.6080799999999975
11	0.0004	1.6080799999999975
