pontuacao	frequencia	media
-3	0.002	1.901480000000005
-2	0.0126	1.901480000000005
-1	0.052	1.901480000000005
0	0.1102	1.901480000000005
1	0.1852	1.901480000000005
2	0.198	1.901480000000005
3	0.1692	1.901480000000005
4	0.1254	1.901480000000005
5	0.072	1.901480000000005
6	0.041	1.901480000000005
7	0.0202	1.901480000000005
8	0.0062	1.901480000000005
9	0.0036	1.901480000000005
10	0.002	1.901480000000005
11	0.0002	1.901480000000005
