pontuacao	frequencia	media
-4	0.0066	-1.6122000000000416
-3	0.0584	-1.6122000000000416
-2	0.2422	-1.6122000000000416
-1	0.4792	-1.6122000000000416
