pontuacao	frequencia	media
1	0.1996	2.188619999999999
2	0.1646	2.188619999999999
3	0.2022	2.188619999999999
4	0.169	2.188619999999999
5	0.0416	2.188619999999999
6	0.0472	2.188619999999999
7	0.0232	2.188619999999999
8	0.0084	2.188619999999999
9	0.0042	2.188619999999999
10	0.001	2.188619999999999
11	0.0	2.188619999999999
12	0.0	2.188619999999999
13	0.0	2.188619999999999
14	0.0	2.188619999999999
