pontuacao	frequencia	media
-4	0.0004	-0.3103399999999884
-3	0.0056	-0.3103399999999884
-2	0.0504	-0.3103399999999884
-1	0.2124	-0.3103399999999884
0	0.3924	-0.3103399999999884
1	0.259	-0.3103399999999884
2	0.069	-0.3103399999999884
3	0.0098	-0.3103399999999884
