pontuacao	frequencia	media
-2	0.0006	1.2234399999999535
-1	0.0186	1.2234399999999535
0	0.1812	1.2234399999999535
1	0.3084	1.2234399999999535
2	0.2598	1.2234399999999535
3	0.1488	1.2234399999999535
4	0.0618	1.2234399999999535
5	0.0164	1.2234399999999535
6	0.0034	1.2234399999999535
7	0.0008	1.2234399999999535
