pontuacao	frequencia	media
-5	0.0016	-1.8098000000000327
-4	0.017	-1.8098000000000327
-3	0.0966	-1.8098000000000327
-2	0.3094	-1.8098000000000327
-1	0.4132	-1.8098000000000327
