pontuacao	frequencia	media
-1	0.011	0.1957200000000036
0	0.5992	0.1957200000000036
1	0.3036	0.1957200000000036
2	0.0744	0.1957200000000036
3	0.0108	0.1957200000000036
