pontuacao	frequencia	media
-7	0.0006	0.1730200000000019
-6	0.0014	0.1730200000000019
-5	0.0048	0.1730200000000019
-4	0.014	0.1730200000000019
-3	0.03	0.1730200000000019
-2	0.0814	0.1730200000000019
-1	0.1164	0.1730200000000019
0	0.2554	0.1730200000000019
1	0.1902	0.1730200000000019
2	0.1508	0.1730200000000019
3	0.073	0.1730200000000019
4	0.0492	0.1730200000000019
5	0.0202	0.1730200000000019
6	0.0082	0.1730200000000019
7	0.0028	0.1730200000000019
8	0.0014	0.1730200000000019
