pontuacao	frequencia	media
-2	0.0004	1.7161399999999496
-1	0.0122	1.7161399999999496
0	0.1338	1.7161399999999496
1	0.263	1.7161399999999496
2	0.2328	1.7161399999999496
3	0.1604	1.7161399999999496
4	0.1072	1.7161399999999496
5	0.0562	1.7161399999999496
6	0.0216	1.7161399999999496
7	0.0088	1.7161399999999496
8	0.003	1.7161399999999496
9	0.0002	1.7161399999999496
