pontuacao	frequencia	media
1	0.0	1.7061199999999461
2	0.3706	1.7061199999999461
3	0.0	1.7061199999999461
4	0.1828	1.7061199999999461
5	0.0	1.7061199999999461
6	0.0606	1.7061199999999461
7	0.0156	1.7061199999999461
8	0.0	1.7061199999999461
9	0.0044	1.7061199999999461
10	0.0	1.7061199999999461
