pontuacao	frequencia	media
-3	0.0004	-0.5035599999999945
-2	0.0078	-0.5035599999999945
-1	0.181	-0.5035599999999945
0	0.7146	-0.5035599999999945
1	0.0952	-0.5035599999999945
