pontuacao	frequencia	media
-2	0.0002	0.19954000000000519
-1	0.0076	0.19954000000000519
0	0.463	0.19954000000000519
1	0.4628	0.19954000000000519
2	0.0636	0.19954000000000519
