pontuacao	frequencia	media
-2	0.0032	-0.05550000000000134
-1	0.0832	-0.05550000000000134
0	0.5244	-0.05550000000000134
1	0.3454	-0.05550000000000134
2	0.0424	-0.05550000000000134
