pontuacao	frequencia	media
-2	0.0014	-0.10660000000000223
-1	0.0648	-0.10660000000000223
0	0.5634	-0.10660000000000223
1	0.3312	-0.10660000000000223
2	0.0362	-0.10660000000000223
