pontuacao	frequencia	media
-2	0.0006	3.6688199999999953
-1	0.009	3.6688199999999953
0	0.028	3.6688199999999953
1	0.0792	3.6688199999999953
2	0.1362	3.6688199999999953
3	0.1792	3.6688199999999953
4	0.1732	3.6688199999999953
5	0.1374	3.6688199999999953
6	0.1046	3.6688199999999953
7	0.0676	3.6688199999999953
8	0.0408	3.6688199999999953
9	0.0232	3.6688199999999953
10	0.0124	3.6688199999999953
11	0.0046	3.6688199999999953
12	0.003	3.6688199999999953
