pontuacao	frequencia	media
-3	0.0004	1.33196
-2	0.012	1.33196
-1	0.0758	1.33196
0	0.1888	1.33196
1	0.2046	1.33196
2	0.2028	1.33196
3	0.1346	1.33196
4	0.0916	1.33196
5	0.0494	1.33196
6	0.0224	1.33196
7	0.0104	1.33196
8	0.0042	1.33196
9	0.0024	1.33196
10	0.0002	1.33196
