pontuacao	frequencia	media
-5	0.0036	-2.1986799999999964
-4	0.0324	-2.1986799999999964
-3	0.168	-2.1986799999999964
-2	0.3726	-2.1986799999999964
-1	0.341	-2.1986799999999964
