pontuacao	frequencia	media
-5	0.0002	0.06011999999999983
-4	0.0006	0.06011999999999983
-3	0.0106	0.06011999999999983
-2	0.0712	0.06011999999999983
-1	0.2162	0.06011999999999983
0	0.251	0.06011999999999983
1	0.1962	0.06011999999999983
2	0.1352	0.06011999999999983
3	0.0662	0.06011999999999983
4	0.0304	0.06011999999999983
5	0.0136	0.06011999999999983
6	0.005	0.06011999999999983
7	0.0022	0.06011999999999983
8	0.0008	0.06011999999999983
