pontuacao	frequencia	media
-1	0.0088	0.389780000000009
0	0.3908	0.389780000000009
1	0.3868	0.389780000000009
2	0.1782	0.389780000000009
3	0.0324	0.389780000000009
4	0.0026	0.389780000000009
