pontuacao	frequencia	media
-3	0.0052	-0.003940000000000025
-2	0.0598	-0.003940000000000025
-1	0.2198	-0.003940000000000025
0	0.278	-0.003940000000000025
1	0.2132	-0.003940000000000025
2	0.1284	-0.003940000000000025
3	0.0578	-0.003940000000000025
4	0.0228	-0.003940000000000025
5	0.0112	-0.003940000000000025
6	0.002	-0.003940000000000025
7	0.0008	-0.003940000000000025
