pontuacao	frequencia	media
-5	0.002	-1.8064600000000395
-4	0.0164	-1.8064600000000395
-3	0.0982	-1.8064600000000395
-2	0.3094	-1.8064600000000395
-1	0.4176	-1.8064600000000395
